id;nombre;correo;contrasena;telefono
4586;Paula Knight;erica44@bdd.net;zYrE4AYmq+;001-779-280-5237x25923
1726;Tyler Sellers;jessewilliams@bdd.org;@6)79Yolni;+1-923-249-9513
5863;Stacey Bartlett;chanrobert@bdd.com;%8J8DjNb_i;555.651.4977
1140;Stefanie Phillips;caleb33@bdd.com;3ORdep!p#*;(232)582-7108
6768;Sarah Thompson;suzanne68@bdd.net;)U)Y5SPe8!;504-466-6305x1493
7021;Wendy Harris;pkeller@bdd.com;1ZoA@dEj*O;433.571.0643x6791
1352;Christopher Moore;thomasmatthew@bdd.com;N(xn5Kp7Wn;(911)305-7928
1777;Christine Anderson;michael24@bdd.com;u4wX(gBj)z;953-823-9643
5531;James Hunter;eyoung@bdd.com;(dj#Gy9k1G;001-558-933-1894x20613
7974;Amanda Haney;uward@bdd.org;+A3rfGzYtL;357-217-8690
3307;Daniel Rogers;thomastorres@bdd.org;Us3@0Jqtd9;+1-891-785-1911x65397
8632;Karl Ray;harrisonmelissa@bdd.org;7rRr5QGp@);+1-917-288-0022x530
9181;Dominique Delgado;froberts@bdd.org;02f3LR0s_);591-352-2877x8715
5017;Alyssa Skinner;rpayne@bdd.net;0^wAVlc&*V;(487)267-4126x3781
650;Shawn Ali;taylorwest@bdd.net;$T6P(olZ5^;5638619163
6335;Nicole Simmons;ddavis@bdd.org;^5Orpz)%G8;203-466-1189
8575;Terry Gonzales;melanie55@bdd.org;aI9I_sAy+!;001-638-350-9366x902
8165;Kristen Barajas;margaret51@bdd.org;uO(1NKUuQX;+1-381-608-5682x18351
4657;Veronica Perez;wheelerkenneth@bdd.com;(9YUz1bwSe;438.671.7117
4067;Jessica Thompson;alan45@bdd.net;Eeu5DAF&l);(667)681-6518x31731
8711;Dana Brown;debbiefischer@bdd.org;$9SKzcZ7GA;279-375-9067
9601;Brent Cameron;yolandawoodward@bdd.net;0us6aOap*t;3257764613
7420;Tim Allen;jonespamela@bdd.org;*+m1LP7gdE;922.948.4342
3647;Dana Allen;michelle50@bdd.com;47Hotioc!f;+1-771-774-5915x20625
6416;Amanda Smith;sabrinavillarreal@bdd.org;Gn5OmhP9(4;(463)541-6239x76757
6266;Ricky Richardson;johnsonhaley@bdd.com;u%j(43LtIx;2623481013
5856;Sean Hatfield;jamie97@bdd.com;(0w1Xwablm;001-938-513-4095x430
1134;Summer Gomez;steven73@bdd.org;g!Io)xcx$1;929.660.0247
5709;Kenneth Simpson;brianna30@bdd.org;&6WzCB4z0Y;(798)836-8042
5181;Leslie Smith;wbruce@bdd.com;@XuUobRb49;(904)862-8168x74454
7535;Melissa Lee;kara91@bdd.com;FFNVQxUX&2;423-997-9004
3002;Mr. Jeremy Lopez;brianbautista@bdd.net;$g&q5X9iEs;994-602-0635x415
3038;Joshua Lambert;watsonteresa@bdd.net;!QGC7Tsuw9;(756)796-7869x059
8495;Anne Nichols;slam@bdd.com;oZVM(8BsV(;+1-300-293-2077x7150
7479;Jessica Vasquez;jeffery19@bdd.net;*Nvi5mWb8J;+1-457-397-4898x53316
9086;Cynthia White;barnettapril@bdd.net;xD3J&TqcW$;367-850-3018x716
2078;Timothy Gonzalez;xperez@bdd.net;+3Ohgn!3@8;(773)907-9149x77763
8742;Roger Hernandez;kirstenfloyd@bdd.net;rNJ$0DPjX5;+1-345-649-8454x87678
1680;Rhonda Benson;flane@bdd.net;^2FwO9yo!7;728.534.6606x8310
4109;Melody Castillo;carl14@bdd.org;!F9U1da^x8;(310)347-1849x60870
9881;Sarah Reynolds;michael59@bdd.com;f%3L_slur^;2269093168
3433;Michelle Ayers;monica23@bdd.net;(zM0ME7zT9;2746940128
846;Tiffany Kane;rubioryan@bdd.com;$LQM(bw382;001-896-402-0070x7953
5627;Chris Sexton;ggibson@bdd.org;6qyqSRBf%n;+1-557-443-4865x8226
3756;Ashley Ibarra;lindapatterson@bdd.com;V%W0QSWf6_;+1-802-929-8731x175
2988;Cindy Schultz;michael49@bdd.net;)0_fM3jn5g;(294)500-3233
8898;Angela Charles;cory42@bdd.org;*z6O(aEA@R;+1-267-397-2630x184
9253;Terry Brown;astrickland@bdd.net;W8Gn6CGO#q;(518)463-2579
4212;Jennifer Nelson;coxkathleen@bdd.org;)1ZqZiyn#+;432.841.0222x81064
8152;Jared Murphy;gouldwilliam@bdd.net;$+n3r$Qbok;379-847-6714x4764
7841;Abigail Anderson;justin29@bdd.com;O$g2RQMp)k;(747)553-3896x45065
4887;Mark Alexander;harold67@bdd.net;Jf25CfyDW*;367-857-7542
3253;Michael Clark;jenniferparks@bdd.net;nT1tVSJjy_;860.867.0759
605;Jonathan Ross;brandon72@bdd.org;1Za6dImIL(;+1-212-940-5675x6295
2638;Matthew Barnes;nicholas54@bdd.net;!*%u9Geu60;502.580.2127x0971
1405;Christopher Mills;timothybolton@bdd.com;%0d$G&lNby;401-461-9643
8842;Patricia Reynolds;mike08@bdd.net;#$D9k@bzpU;7266566890
6951;Cindy Martin;walter87@bdd.com;)$4y1HyY)M;451.600.5120x110
9723;Justin Herrera;claudia43@bdd.org;J9GgkMOv%i;(753)371-4313
4459;Melissa Curry;umartinez@bdd.com;^ySm6EAmm9;221.846.1100x585
5490;Joshua Jones;jgray@bdd.org;sOlXE#yd&2;743.337.3719
6460;Teresa Conrad;ofoster@bdd.net;E254pSvvM_;(355)398-2338x38486
4432;Yvette Smith;kayers@bdd.net;!0L*z3vg2w;6582048636
4818;Kara Harris;michael91@bdd.net;@V74ZiIwII;+1-870-678-9293x100
616;Nathan Jackson;samantha51@bdd.net;@Y3QvBKx&d;664.502.5722
205;Sharon Garcia;dylantaylor@bdd.net;)ihSzXyp&7;+1-330-621-7543
2816;Joseph Smith;cwilliams@bdd.com;AmPY8Pmx)^;001-853-386-4059x334
7460;Elizabeth Stewart;melaniemoore@bdd.net;G#gp2_N4uq;394-270-9813x8035
3740;Lori Medina;huberleslie@bdd.net;DG)^1MIns4;543.890.3652x4067
6695;Jeremy Scott;xcarr@bdd.net;T0O$%0XbBr;001-886-497-3800
8417;John Copeland;waltersharon@bdd.org;JKlNNDYe*4;+1-312-284-7240
4601;Julie York;paul61@bdd.org;!7W7ZLYnje;(598)533-8040x00468
1710;Lisa Wright;joseph33@bdd.com;!e1vO3vPD9;397.331.3190x2856
3242;Brittany Hobbs;hamptonpeggy@bdd.org;F+8aL0Uo)+;285-618-4386x03275
161;Brianna Griffin;grobles@bdd.com;1I9)*_hBX+;346.486.5117x54813
5592;Michael Williams;campbellpatrick@bdd.com;k&l1LPfX@q;001-947-267-1415x52935
5495;Jennifer French;elizabethrobertson@bdd.org;as3R4pVXg(;001-748-637-6317x7919
1756;Donald Owens;urobinson@bdd.net;k^9ZG7(c)U;(873)462-9666x10905
7379;Kenneth Richmond;davidpoole@bdd.net;_3QdwkLwpN;795.847.3945x209
7465;Patricia Nelson;wisebrian@bdd.com;&@3uY%Eez4;(397)969-7254
7092;Tiffany Underwood;hannahwallace@bdd.com;(1XQ0LDkcI;9335446682
465;Daniel Weiss;alvarezduane@bdd.com;P00q1Iag#W;(739)553-1593
8588;Cheryl George;johnlucas@bdd.net;$F3(2Teym3;001-781-672-5760x088
4207;Ruben Ibarra;kweiss@bdd.org;)5ck%KwrJv;(942)578-6275x0714
6101;Natalie Rogers;edwin61@bdd.com;@0QbIn+Jv1;916-758-7217
6480;Jacqueline Fisher;victorpierce@bdd.net;$5gObg*kV6;809.793.2838
2455;Erin Graves;zpatton@bdd.org;t6XJpsbZ)l;315-331-1453
9183;Melanie Walsh;bgonzalez@bdd.org;FS9s3Jo@#A;236-596-8826
8596;Nicole Gonzalez;steventhomas@bdd.net;p36Uc+mP^$;(322)416-4206
5040;Anthony Thompson;strongjohn@bdd.net;+*_59ZPf9b;(583)786-0909
1382;Elizabeth Perez;hansenanthony@bdd.org;H04&iKi64#;931.438.2657
9371;Karen Miller;bennettmatthew@bdd.net;y^3PVFOt9t;8667082061
2279;Allison Barber;starkjonathan@bdd.com;^1_lplotHR;449-848-9735
6818;Cassandra Garcia;wolfepaul@bdd.org;1VMUnish&@;(795)902-1371x68031
1915;Cody Bishop;tylerreginald@bdd.org;ds7O2AiVS#;732-646-3400x482
1600;Christina Wilson;wjacobson@bdd.net;g%803LoTo7;270.953.1667x9537
9166;Crystal Perry;warnold@bdd.org;^hC9TpkE49;+1-607-543-9327x5487
8049;Daniel Lopez;fpatrick@bdd.net;*4EbMGah#v;214.364.3773x9680
5467;David Skinner;thompsonnicole@bdd.net;KwA@vTZq$3;874.278.0644x85039
824;Blake Anderson;kelseyrobbins@bdd.com;K2TxJ)Sn@5;7224331720
5200;Dr. Mary Horton;shelley32@bdd.net;x@04Q0Il5y;001-531-254-2360
590;Mary Anderson;thomaslisa@bdd.com;+6CQrxX@QH;(965)291-0776x969
2280;Brandon Collier;millerhayden@bdd.net;4HOOxCqT)S;740-761-2328x5040
9833;Justin Wilson;brandon94@bdd.org;VId6Qt3k(X;+1-862-804-2704x543
9077;Robert Harrington;lhughes@bdd.net;c$5Z&y#44D;+1-265-978-6055x0155
2495;James Wallace;roachdeborah@bdd.net;nwFy1EjM%4;+1-931-767-2572
1629;Maurice Roy;matthew86@bdd.org;csp3Zbzuq!;(418)945-8745x9325
1705;Samantha Wilson;dominique27@bdd.com;(aUXPW6Nt3;001-664-724-7017x50726
7838;Kristen Baker;kathrynlane@bdd.net;$8ea1L+rgv;962.406.6751x5324
5145;Evan Boyer;nathaniel70@bdd.net;@2ZqsineD5;487-516-2464x7752
6696;Rebecca Stafford;scott82@bdd.net;6PTSm2$$)2;8814162702
1468;Victoria Barron;courtneydonaldson@bdd.org;QK&9R2y2)(;517-956-1754x940
6941;Judy Davis;yuaaron@bdd.com;+W1HYIawO0;595.530.3804x53469
7136;Cody Stone;aarondennis@bdd.net;_YY04OqFbC;+1-407-381-0219x95079
7900;Joel Hall;vrice@bdd.org;!00lrFVdnJ;718.761.9335
8937;Jerry Bautista;rodriguezian@bdd.org;KIFEN0cR!4;998.786.2086x8697
5667;Justin Santos;ealvarez@bdd.org;@9+W%j#A$9;+1-752-904-7142x389
2504;John Sherman;regina82@bdd.org;)6CFmMuv)8;(228)449-8622x821
7213;Shane Everett;ndavis@bdd.net;At1DZ%5$D&;(968)497-8348x58504
2728;Laura Moore;campbelltracy@bdd.com;@qB3XUqFXh;698.642.8168
4353;Aaron Thomas;carlaking@bdd.net;!8IW41Dn@y;758-713-4454x1811
357;Natalie Foster;walshlauren@bdd.com;^(a53Cc23u;673-554-2253x295
9865;Anthony Cohen;akim@bdd.com;$2p3RI!c@g;001-851-312-1096x32461
6258;Monique Brown;karen80@bdd.net;4K^A6Miw#q;707-882-3775x2350
5414;Jennifer Daniel;jfernandez@bdd.net;0@ec5PQwXH;4617784372
9266;James Martin;lfisher@bdd.org;&UIex%!u9t;001-986-694-1185x0444
9118;Wesley Young;laura13@bdd.org;UOch$blq*4;7768142549
5460;Autumn Richardson;kschmidt@bdd.com;&4&w*5Xo_D;7217152307
2002;Jeanette Green;pjordan@bdd.net;!8DG+Y(zsN;786.938.4480x6212
8809;Jennifer Allen;drewsims@bdd.org;T@0X7y_q^q;+1-922-979-5798x02773
9655;Alan Morton;hrodriguez@bdd.net;&PnWUAcp0O;001-570-595-3101
490;Brian Woodard;jjones@bdd.com;u4Rv9LA2_e;680.586.7101
5615;Cynthia Wilson;john91@bdd.org;v!hI7*Mi&B;001-960-477-1454x0021
2878;Ryan Ramirez;craig90@bdd.org;xdKj6Rv6j_;+1-352-836-8775
5907;Lindsey Gardner;caldwellshelia@bdd.net;WE1ZPuuR)z;5186504416
5553;Ryan Banks;caseshane@bdd.org;b8PFoev0#w;953-977-5906x7522
178;William Lynch;laurielee@bdd.com;&c6oY6b+jw;001-765-464-4531x2593
6674;Peter Mora;erik88@bdd.net;b4Pv6Ush_u;2358034559
5862;Katie Reed;michaelpalmer@bdd.com;J)0hFebj*^;001-356-346-5624x547
9664;Veronica Palmer;pgonzalez@bdd.net;5y7uR@Zv8$;+1-212-764-5370x905
9152;Steven Ross;zoe56@bdd.com;_icFkoPI4f;+1-860-468-9748x687
3580;Shannon Santiago;george58@bdd.net;YX1AIzf3a+;360-650-0755
365;Brooke Taylor;john55@bdd.net;6%wPEfg)&H;211.654.9573
8648;Joshua Melendez;justin11@bdd.com;y$702B#u&8;(647)711-8379x555
5226;Tiffany Callahan;carolineburton@bdd.net;UVn&5IPi#6;269-669-7742x730
5700;Amanda Estrada;vancenicole@bdd.org;af6AaG$gD!;+1-254-363-5045x4500
9707;Christopher Williams;antoniohamilton@bdd.org;FB78IvhyW*;+1-848-463-4627x3464
2442;Denise Foster;bob53@bdd.com;_&NNtSw64);+1-350-955-1458
4436;Nancy Brown;brownaaron@bdd.com;!kN0xTCr!$;(796)777-4414x954
5859;Lynn Smith;terrylinda@bdd.net;sVoC3#8uf*;281-754-4713x4657
6898;Julie Moore;harry01@bdd.net;j0QOq!&u^+;001-998-671-8805x56518
8200;Nicole Hill;patricia68@bdd.com;c+21M2z5j_;978.494.7775x574
7516;Christina Elliott;pearsonmichelle@bdd.org;E($3(6IpaN;259.323.0401
5020;Theresa Turner;lemario@bdd.org;bQ5UCbva&(;+1-943-684-7648x6690
2604;Mr. Joseph Chapman;ericparker@bdd.org;21Yw7VW0#e;+1-249-662-4741
285;Amy Whitney;christopherstanley@bdd.org;YY8kxWqg$i;+1-824-657-5260
3778;Ruben Norris;lesliecooper@bdd.net;Q_2ApHQeMH;+1-479-410-5538x8671
428;Jill Burgess;tylergraham@bdd.org;qC0IXXbxN$;(379)437-4862x1482
2645;Mark Turner;phillipsrebecca@bdd.net;oebsHt$8(1;+1-215-211-4875x0908
1751;Scott Tucker;christopherstout@bdd.org;q*rx6AvmDx;+1-779-725-5592x55110
4838;Douglas Frazier;stephanie97@bdd.com;4jN!I7OpOj;001-837-271-0421x865
1246;Kevin Hall;anitabrown@bdd.net;oalPpWea_0;240.417.4942
3400;Kristin Mcintyre;tcrane@bdd.com;@NhvZ2r7y);001-685-417-5056
2407;Brian Hill;moralespeter@bdd.com;@ZPgh!TK^7;580-354-4463x511
4828;James Reed;harrisonchristopher@bdd.com;U2Jfxa@!*a;876.354.9556
4176;Troy Beard;msullivan@bdd.com;P*9V%cTVNn;7364639446
6463;Colin Little;sjones@bdd.org;#QLCcPL$m9;+1-319-626-6476x3247
9586;Melissa Caldwell;wagnerdonna@bdd.com;8Hf#RHqN+w;001-358-214-1316x1783
6624;Lisa Smith;april75@bdd.com;$0Q$aWNn31;715-342-2381
1251;Haley Harris;huangwalter@bdd.org;+1zC$Flg&u;(945)362-1723x455
859;Tara Martinez;vadams@bdd.net;(*kCDCjo)0;(944)611-1154x53750
2357;William Lane;chapmanjohn@bdd.org;bGDA1LFt(e;703-783-7226x281
6005;Kevin Campbell;bcaldwell@bdd.net;_Ya*l1CtYy;413-866-6348x81183
2845;Rebecca Stewart;xromero@bdd.com;@@#%)Vcwm7;385-478-6262
3058;Donald Mcconnell;matthewjones@bdd.org;)R9rAwK@tx;001-951-528-9064x45886
299;Susan Lee;moorekatherine@bdd.net;i03Cwt5O^M;(272)917-6306
3538;Beth Lopez;littleanne@bdd.net;%7ZdYIx1^N;(396)488-5539x2018
5236;Ryan Garrison;kim72@bdd.org;$^&4m7KgJY;+1-925-404-0619
6410;Christopher Anderson;jessicafuller@bdd.com;%2EoJkd5n);001-904-713-1110x2208
847;Lori West;qwhitehead@bdd.com;E3Jhnh6k&3;001-259-759-7342x88569
1522;Eric Luna;kimberlysmith@bdd.com;qf(26rOeWQ;6168901039
1612;Richard Pratt;gpreston@bdd.com;s3glE*lh(_;(381)646-3742
3673;Kayla Smith;brownjacob@bdd.com;pnH#0wUoax;996.849.2194
3789;Paula Atkinson;qsmith@bdd.net;+dZ8FVm!P2;8666277895
6239;Donald Medina;palmersherry@bdd.com;clwTj)Er(6;864.623.3701
9138;Michelle Paul;lisa67@bdd.org;+vO4dEioyM;001-699-253-0492x911
1792;Emily Graves;dylan95@bdd.net;^0T#frWSI);428.677.3478x726
6337;Kimberly Smith;mnovak@bdd.net;42EW#EcR+c;922.556.2292x2623
8295;Melvin Nelson;tgarcia@bdd.net;0b%ZYbH1^B;(345)748-2197x463
1856;Sarah Singh;williamsamanda@bdd.com;4$9mAEsuG5;+1-314-633-4618
1976;Allen Johnston;jonesrobert@bdd.net;%8NVGm!58&;(289)595-2185x964
5641;Brendan Acosta;kathleen60@bdd.net;+9Roh_e22j;(770)610-7150
88;Kimberly Robbins;npatterson@bdd.net;(SA$6LnpM^;410-722-6789x06873
2237;Michael Collins;lisawarner@bdd.org;Cf8iZ0gy@C;297-334-0651
6816;Crystal Stevens;seth49@bdd.com;^rGkm9Txl#;(993)982-2531x59203
9895;William Lucas MD;jennifergutierrez@bdd.org;_%V4B%i@k7;386-570-6820x782
9724;Wesley Cobb;gthompson@bdd.com;$1WYapOaoB;909-867-2268x1675
3547;Mr. Brian Martin;kbrown@bdd.com;Iag(1Omrib;403-509-9722x3482
2763;Devon Perry;edaniel@bdd.com;q(9NsT6n3^;396-604-0995
8277;Charles Gillespie;mariowalton@bdd.com;*^O$0VnbY#;366.742.8617
1576;Ruth Strickland;kellyjill@bdd.com;c$0CVwlVA#;355-200-6916
1219;Michael Hatfield;gaymichael@bdd.net;8^7mQJVqg(;473-232-1263x3434
434;Benjamin Abbott;jmosley@bdd.org;)C14&01pe2;284.723.5926x031
985;Jamie Miller;mallorymartin@bdd.com;)upAZunSL3;5026923474
7618;Alicia Robinson;joshua11@bdd.net;SqH7VeLp#x;755.351.6436x2603
8026;Antonio Mckinney;lawrence84@bdd.net;N#4u)Wsb8k;554.884.4249x6336
5111;Kristin Clark;elizabethgarcia@bdd.net;)0spCj0V)G;+1-889-234-0721x4472
2603;Charles Tran;amandabailey@bdd.org;&!PgJ4GuEL;001-614-917-1704x90150
4762;Christopher Hall;carrieolsen@bdd.org;_dn(AOm1G8;443.670.1912x653
2136;Patricia Carter;gregoryryan@bdd.org;9+GNF)Lz@9;(743)744-2031
3772;David Cruz;kimberly57@bdd.net;&hpDh)Jc9_;+1-738-331-5668x99092
7835;William Malone;tsmith@bdd.org;*DH+7TGciF;831.997.6303x7505
5950;James Myers;vlewis@bdd.net;KtrvuDk7_5;788.529.7233x67192
5735;Derek Adams;klineabigail@bdd.com;@N*zo1Yj&t;766-849-3460x18862
4123;Michael Thomas;erinortiz@bdd.org;a6ePNCI4!5;(302)425-0518
3046;Jill Neal;matthew76@bdd.net;KIAyjQJb+0;+1-287-547-1948
1907;Tony Robinson;ikelley@bdd.com;&@4%5Wok)Q;641.602.6023x4140
47;James Wu;rebeccasnow@bdd.org;+2QKkNq8(0;001-645-850-0897x508
7642;Catherine Cole;matthew30@bdd.net;@4HyCQuI4%;(641)638-1539
7054;Dustin Guerra;kgreene@bdd.org;@+3SRI9oX5;001-487-783-4305x361
2027;Virginia Murphy;rsimpson@bdd.net;j_ht6Lsj++;928.293.5584x82213
6858;William Torres;rstevens@bdd.org;(MV_qoEk&8;(320)926-7537x5907
6352;Natasha Miles;sgreene@bdd.org;_2_1MkOd!r;4277662994
4726;George Zamora;clarkjeffrey@bdd.net;a@e4I)vqhs;874-570-8016x303
3052;Julia Johnson;jenniferjohnson@bdd.org;u+1gz7ynTI;+1-595-323-8239x52374
9280;Daniel Green;rhonda24@bdd.org;p#3$L+eo_G;+1-267-998-2006x7458
6299;Emily Mclean;curtisnicholas@bdd.org;!2mJ*faX@);328.212.5285
3569;Maurice Murphy;fsmith@bdd.com;u2NM4H4wJ*;296-274-7539
6270;Robert Black;brucebarron@bdd.org;3ABYEKfc_3;7275457670
2514;Raymond Reynolds;trujillosandra@bdd.org;Mgu7tEalR(;214-391-8738x96128
3043;Dana Nelson;schroederdale@bdd.org;^P6)CNBm4o;001-207-811-9397
4960;Heather Abbott;tonithomas@bdd.org;1QHKLLUr(Y;001-380-307-1734x9837
6937;Holly Green;hhooper@bdd.net;S^7J&b%HZ#;001-935-865-6817
7041;Rachel Martin;markolsen@bdd.org;f7Xa1Dtr+R;(921)240-1052
7563;Elizabeth Barron;joshuawhitaker@bdd.org;$YDjx^5Ey1;001-272-762-1281x459
6578;Sabrina Delgado;davisbrian@bdd.com;MY(Tvx*3+5;(725)367-2501x7591
1802;Jason Collins;donald65@bdd.org;#J#jOvms!7;331.815.1935
1785;Tyler Clark;scott75@bdd.org;4OP0PRw%*r;(565)678-1366x386
5304;Aimee Harris;vreeves@bdd.net;as60S3^y5%;001-977-663-8375x4662
5551;Michelle Powell;iscott@bdd.com;4qD*w&c8++;3192341323
7578;Brittney Brewer;morgandonald@bdd.com;KB@Kl91kI_;+1-272-431-5343x6687
4974;Jonathan Howard;elliottbrandi@bdd.com;@_kTk(Chv1;001-847-587-9811
5464;Andrew Wilson;mary44@bdd.com;$k6Gi95P5v;(582)581-1353
6749;John Martin;jordandavid@bdd.net;7J^KaHuo#U;297-632-9732
2123;Annette Lee;swallace@bdd.net;6!X&Q%Na+a;001-909-355-2475
9005;Ashley Carpenter;dwilliams@bdd.org;fvZWHUP*^0;(388)253-9868x50700
1573;Edward Dodson;jaycollins@bdd.net;J*9XzYlJCz;503-383-3075
2685;Melissa Mayer;haydenjohn@bdd.org;&1D0LoLsSX;+1-208-856-3209x7213
9258;Michael Kennedy;johncollins@bdd.com;P(7A1KRebu;3506226588
8336;Christopher Juarez;marcus29@bdd.net;M!0*MHs2Ee;+1-430-258-2155
5617;Linda Sullivan;brockbailey@bdd.org;#+9YEQwF2a;654.954.6704
1161;Jasmine Chang;florespaul@bdd.net;#D&VNeO*_1;(715)454-4570x5285
9378;Jasmine Raymond;iwang@bdd.net;9^15JZvqAr;968-606-7814
817;Kathryn Washington;vcarter@bdd.com;@WtfG9Hy4+;797.240.0750x1210
5231;Matthew Barker;trichardson@bdd.net;hcKG3AKtp%;571.966.4535x29541
813;Sarah Jackson;figueroaelizabeth@bdd.org;_TECfEdK0&;(816)219-2393
6543;Katherine Young;brianaduncan@bdd.org;9LBNbIdp^i;(231)615-6928
4396;Jeanette Marsh;hmartinez@bdd.org;Y7BI_i4L^o;661-398-2832
8232;Dustin Taylor;martinezjason@bdd.net;_4DBU4^C%k;5232303131
3653;Karina Prince;patricknoble@bdd.org;#nT(qsfi6@;001-239-948-1967
7849;Adam Cherry;ohayes@bdd.org;cB3XCEmd5@;432.239.6520x913
8950;Alan Freeman;jeffreymorales@bdd.net;)4j^SdaXy3;512-267-7312
6681;Debra Lewis;valerie54@bdd.org;^8TLt2_RIb;+1-874-471-9491x02769
3651;John Powell;grivera@bdd.com;9GAwXzWy)b;376.479.5236x1722
4187;Dr. David Harvey;brianvance@bdd.net;%5W$o#pua8;2473960653
3487;William Sanchez;smithjoshua@bdd.com;nk9FwmgRb(;715-436-6836x2789
6712;Tanya Abbott;andrewspeter@bdd.com;*zB$2Rmb#a;583.537.2496
4165;Ariana Harris;stephaniemahoney@bdd.net;%&#7e9+ikZ;001-720-682-0555
1587;Stephanie Estrada;james96@bdd.net;@75CfCXfRd;001-975-334-6184
959;Michelle Oconnor;linda91@bdd.com;A5x4R&hg@0;262.412.3668x083
286;Brooke Hernandez;hernandezjessica@bdd.net;che7OQFjQ*;604.926.8973x8202
399;Mrs. Bianca Stevens;bauergary@bdd.com;6cADMYjX!d;471.342.9000x13210
7759;Julie Oliver;randallcastro@bdd.net;6pR555Lv9!;662.657.6232
6178;Roger Combs;katrina79@bdd.com;tJ1Zg$bfz_;(702)249-4988x758
9819;Briana Tyler;brownthomas@bdd.org;)1mC779C+b;2619728877
1513;Tanya Cooper;christine26@bdd.net;)1^Z7h*cb5;+1-819-845-5002x44015
7985;Ashley Anderson;walterarroyo@bdd.org;bcLOI6cn+2;4662950645
1823;Drew Sherman;jonesryan@bdd.com;&XAC#PCvn7;(529)691-6086x50065
7037;Terry Gillespie;robinsonkimberly@bdd.com;c432Ms!Z*V;001-672-984-4588x0445
3155;John Morrow;christopherespinoza@bdd.com;)k^9GOeKbV;001-288-948-3654
5971;David Berry;pphillips@bdd.org;q7Y*3(^g)g;267.411.3707
3419;Sharon Myers;bowenkeith@bdd.com;9e&9Dph(9K;(491)775-4934x3403
5435;Todd Thompson;megantaylor@bdd.org;!WIQ0xCz2E;+1-532-462-1957
2813;Lynn Carlson;gmcdonald@bdd.net;#S9WIOKiY0;(738)706-6421x9706
7929;Tiffany Welch;fcole@bdd.org;i%4YLXtUGg;001-713-666-3524x303
1551;Christian Whitaker;henrytran@bdd.org;^@&Hn70iKL;668-476-1043
6393;Jordan Jordan;jonesryan@bdd.net;_d%*MWj583;001-824-972-2711x129
2021;Mr. Tracy Cox;edavenport@bdd.com;_55RkUa#%j;678-854-5588
6572;John Weber;onelson@bdd.org;#7Tyl58R3S;+1-643-965-8791
5412;Thomas Richards;melissabeck@bdd.net;)IucE&drJ7;249.949.2267
7740;Christina Brown;trevorjohnson@bdd.net;7#tne6Bn7l;979.754.6370x708
2363;John King;michael24@bdd.org;*&RW8dDhwx;+1-426-498-5303
5809;Christina Patel;wellsrick@bdd.net;1*!0mLyxX#;001-781-798-1195x35380
8380;Lisa Mckinney;melissayoung@bdd.org;_Yr71DyzIY;(519)887-5847x462
2564;Kathleen Wolfe;darlene27@bdd.net;93gQsI@t&o;360.810.0629x12302
7287;Rachel Stevens;lawsongregory@bdd.com;Fw+f0W_i^#;001-374-817-0036x290
8132;Diana Dunn;zgallegos@bdd.com;I6YmKIp$$w;001-719-272-2920
597;Anne Hoffman;christopherberger@bdd.net;!24(CbCHQq;001-455-927-3982x138
7506;Paula Ochoa;waltonyvette@bdd.com;o@86RdLX!0;001-336-646-1793x84949
2659;Karen Bullock;kristi61@bdd.net;dh3Q3WfP^);420-604-4626
2168;Cody Martin;mary80@bdd.com;_7DBge*c*B;5205922985
484;Crystal Hanson;alexandracompton@bdd.org;)iTt8KNy*8;(252)898-6602
4984;Jason Wang;markjohnson@bdd.org;Qqd0BhSuX@;+1-526-330-5349x39488
2741;Pamela Foster;mbarajas@bdd.net;pqkCavF*!7;+1-247-786-3906
9966;Daniel Anderson;pmoore@bdd.org;*r(8LHdvm_;(561)654-3465
3172;Sonya Soto;jdeleon@bdd.org;u6*LPTik*_;400.358.6989
5174;Cody Cline;sean94@bdd.org;+T78TdgX*a;001-304-859-6206x3105
4321;Angela Gentry;sconner@bdd.org;okaA2&bu)0;563-454-5658x3781
1328;Anne Miller;bowerserika@bdd.com;b2&$61UybU;7845739947
1087;Jeffrey Walker;gary15@bdd.net;m933VfDo!e;(461)953-1891x6605
5392;Dana Garcia;acollins@bdd.com;)1ZQ4gOr%3;804.818.5471x420
5351;Ryan Williams;pallen@bdd.com;VpB3YfpXA@;646.209.8754
9198;Ashley Dudley;ystevens@bdd.net;3tv4*DGtK$;+1-525-405-2718
6593;Margaret Zuniga;stephanie88@bdd.org;Ui1r8K8iP!;765.311.5728x16542
8242;Alexis Miller;tedwards@bdd.net;k#6yfMkN1S;(488)734-9495x955
4573;Rebecca Gardner;amanda24@bdd.com;dd3P8WrCJ!;+1-373-412-1041
5101;Angela Hernandez;carolinecoleman@bdd.com;449gqBUq)g;(792)755-5398x0018
7914;Charles Jones;andrewgeorge@bdd.com;G1$twSAk+i;(870)924-2009x271
5827;Amber Harrington;amyhernandez@bdd.com;&D*4uaFkc!;844.557.6751x609
125;Scott Atkinson;katelynellis@bdd.org;bxC2fAqb@3;862.213.5897x4413
4647;Jeffery Mcintyre;lmclean@bdd.org;B01nSaaN)9;001-693-609-0625x639
704;David Davis;diazryan@bdd.org;8ZBmt2+K**;001-316-521-9653x85218
9430;Jamie Garcia;kevin71@bdd.org;ekJSEaHq%2;748.816.7011
6391;Sarah Stein DVM;michael50@bdd.org;7Y84Wxs*#2;(314)398-5112x9926
5147;Danielle Jones;kaitlynmosley@bdd.com;QV7ZPxy9M@;3299644602
9924;James Turner;martinamanda@bdd.net;0ts32cClV^;370-576-9129
8087;Adam Mcgee;susanbaird@bdd.com;B@u9LRHhZ*;985-461-3771
9208;Vincent Cline;suttonelizabeth@bdd.org;aM1(RtmG+3;(477)496-5555x40636
1889;Heather Russell;jeffreyproctor@bdd.org;^4C3gCi_ll;730.936.5967x206
9749;Kristy Castillo;carsonmark@bdd.com;)_6VtB8Ou(;(380)689-6530
5624;Craig Sandoval;luis92@bdd.com;h_19HUteWh;456-807-3148
1273;Megan Wood;jennifersmith@bdd.com;#&$WJwnnt2;+1-498-599-7904x181
9394;Christopher Wright;hullalexander@bdd.org;B(z1O83h+!;963.286.3286x11285
2745;Mrs. Kimberly Hardy MD;sheilagomez@bdd.org;xwT*7TTbZ@;+1-397-611-5382
9521;Robert Salinas;jakemendez@bdd.org;HQokb8Yy$1;+1-540-264-2420x0206
4081;Shawna Graves;simonchristopher@bdd.net;44YE%wzu&7;790-401-1019
1406;Mr. Kevin Joseph PhD;bmahoney@bdd.com;*ULRYd*fU6;(372)566-0657
9684;Andrew Francis;dianaweaver@bdd.net;ERg4Dlsgi%;3562378301
2978;Caitlyn Heath;alyssabarr@bdd.net;*5UPIA4XTv;756-675-2201x2610
9232;Emily Daniels;gilbertashley@bdd.com;s+eFj2Riiq;789.213.0088x183
5554;Desiree Sanders;kristinjohnson@bdd.net;+aq0ScqA$h;(837)945-7093x1734
5799;Carly Perry;otownsend@bdd.org;O0w#+HpV^7;001-324-900-9669x12545
7088;Adam Nelson;matthewyoung@bdd.org;lO3Midt6$1;225-233-1169
1491;Angela Arroyo;matthewdavis@bdd.net;J52Ew%QoF#;224.370.6490
8054;Lisa Mathews;lbass@bdd.com;CW)RU5DtPQ;860-561-4182x97064
477;Gary Schwartz;woodardrichard@bdd.net;&70AH4Ra@8;+1-535-264-8919x767
2232;Colin Patel;antonioortiz@bdd.com;R0oAb57s&F;(860)937-5616
9306;Gina Martinez;robin74@bdd.org;%bVe_FKW$4;(744)924-2395x9006
5098;Debra Palmer;floydjames@bdd.com;_MY1YzOZQ1;001-369-429-5736x972
8149;Rebecca Butler;trevor22@bdd.net;^F4BWXgkCZ;863-903-9136x268
4019;Sheila Woodard;kelly36@bdd.net;r5*Jr47Y+R;467.367.0639
1978;Gavin Garner;shawn94@bdd.com;(1MVNfar2#;2223657385
7004;Nathaniel Wheeler;andrewcaldwell@bdd.org;f&9TVeKLj+;+1-641-809-8106x23671
2388;Sarah Watson;ntaylor@bdd.com;$iuBFoP(4&;319.905.2430x9929
1708;Stacey Jones;joshua10@bdd.net;HX5DbXfW#H;707.339.6137x000
556;Leslie White;smithjonathan@bdd.net;!uMtK6JhY5;(423)570-2336x0858
4532;Colleen Smith;craigjustin@bdd.org;6%695Wmld4;(459)678-4818x85084
5673;Jennifer Pierce;garcialindsay@bdd.org;%aq98lUz#6;+1-974-380-6281x8121
4446;Ryan Perez;taylorjames@bdd.net;EG(5DpM)5M;+1-549-285-5834
3322;Toni Jones;mary80@bdd.com;&A87To)e0$;(997)934-5105
3634;Amy Reed;christycabrera@bdd.net;XN0X9CXg_j;503.394.6066x370
7097;Cody Petersen;ashley47@bdd.org;3P3Sh+Kw(^;+1-494-228-5313x1022
4477;Taylor Gonzalez;laura13@bdd.net;+z+KBOJd1);263-201-0912x4528
8446;Carly Wright;villarrealdeanna@bdd.net;N@7u1AEm##;(985)631-9462x785
7861;James Jackson;anthony95@bdd.com;%0BS7d30y8;001-416-367-9094
2098;Brian Boyd;qwatts@bdd.net;f^f)1SgGi^;001-944-266-1757x5231
4277;Matthew Cruz;ivandavila@bdd.net;K*3QHJk4Bd;(214)377-2248
6247;Maureen Calderon;etaylor@bdd.com;h%4TWSvc+j;+1-726-545-8064
9643;Jordan Landry;john10@bdd.org;H(5XTUqpHI;626.732.5226
905;Christine Brown;natalie72@bdd.com;$w_bIXEi23;724.536.0101
8816;Matthew Turner;vbrown@bdd.org;1tRbY(ww(j;844.637.8759x49037
6494;Alison King;williamsjessica@bdd.com;6^p+ZI9u#_;(737)534-9561x59726
5452;Tina Moran;xsalinas@bdd.net;)abP_emb^2;(512)903-4071x09433
6035;Theresa Bowman;james27@bdd.org;+4M$zDxi52;899.915.9975x76279
1259;William Taylor;mmcdaniel@bdd.net;)CO2ZAjq8^;(590)912-0639x66418
6743;Raymond Leblanc;donna11@bdd.net;_$I3lMJdU2;+1-534-277-0256x174
335;Sherry Wood;justin61@bdd.net;r#1*0DjgF^;9829945299
2600;Tanya Willis;hinesrodney@bdd.net;+DrVuUvL9f;+1-779-582-6311x2346
1676;Frances Stewart;robert53@bdd.org;7&23F%m#hi;993.266.3967
9558;Jonathan Morse;laurie29@bdd.net;FJM4LqQl%$;001-502-233-7715x652
628;Amanda Murphy;zmitchell@bdd.org;zj0afDIre^;(801)548-5455
4868;Mark Murphy;erica56@bdd.org;SN0UzUy(s_;787.257.5913x65810
8661;Theresa Tyler;stephaniemccarthy@bdd.net;))ttJkKk_1;942.632.4993x5389
6589;Susan Fuller;jlandry@bdd.org;Dy6OjXaHD_;001-489-626-0935x33884
3880;Shelia Hamilton;udeleon@bdd.net;%@S2Nk&@xO;4498122004
1820;Teresa Ochoa;twebb@bdd.com;G%z6CxJoJN;786-239-7950x58204
6025;Michael Anderson;terri92@bdd.net;*6i76PCaGU;(459)368-0757x9098
5962;Rachel Lopez;jasonanderson@bdd.com;mc_v3Qn5m);+1-876-428-5161x809
2999;Elizabeth Avila;zwerner@bdd.org;)9TKzLl41I;7396333859
7937;Emily Thomas;jeremypark@bdd.org;(HfUdleoL1;281-529-9541x5137
1548;Jessica Buckley;ronaldprice@bdd.net;M%Wc0DCet);8803944354
6307;Kevin Reid;feliciawood@bdd.org;)0BUwfo9(t;(271)770-5566x099
2155;Maria Sheppard;george74@bdd.net;J1xYUo9d^B;474-219-4732
9855;Nina Yu;nanderson@bdd.org;3+A5aIG%tz;001-262-801-1401x028
8797;Jodi Lewis;mendezapril@bdd.org;VoI4ZE*n@J;857.670.0042x8406
999;Holly Owens;deborah63@bdd.org;VK91+0Fjp&;(257)932-8531x346
5189;Johnathan Ramos;xwood@bdd.net;@9fXskUv4E;(585)856-4424x78846
5223;Amanda Gomez;iwarren@bdd.com;)Jo5mTd^^r;2314457534
9820;Leslie Beard MD;kimberlyrobertson@bdd.org;J_8G)Wdx*G;001-443-937-3459
3775;Cynthia Silva;kenneth14@bdd.org;Wr1kCx_a#c;799-773-2133x4780
3622;Stephen Bowman;chase42@bdd.org;)hOz6BcEZ1;488.797.6403
4031;Allison Crawford;gina98@bdd.net;$%FOu2py(6;2789359752
3096;Daisy Bishop;patrick17@bdd.org;BG3Fdi)p%q;(742)223-7479x54498
5355;Mrs. Mary Jones;jeffrey27@bdd.net;l(1Y41hNP&;556-716-7057x5529
8822;Todd Mcmahon;ocrawford@bdd.com;@1o*Okb7vo;927-699-8242x5949
9686;Stephen Randall;johnfisher@bdd.net;&H#vQj$d4O;001-592-485-4065x36256
319;Jacob Kent;amanda00@bdd.com;+hnHNnfaH1;463-868-7742
3980;Kathleen Morgan;vwhitaker@bdd.com;+2Pw(X^BqE;861.620.7335
7853;Jacob Wilson;xsilva@bdd.com;e_1TRaSx1$;689.926.1247x49533
2837;James Brown;ogarcia@bdd.com;D76S)%Zn&&;231.236.4589
785;Kenneth Collins;shernandez@bdd.org;X53SSR@Y@c;282.319.0427
8824;Scott Thompson;yjones@bdd.net;_2CleiVY&D;001-630-444-8521x99574
9962;Grant Anderson;jrowland@bdd.org;__0k7FWq6@;+1-940-693-6173x98664
2204;Tyler Ramirez;kathleenhayden@bdd.net;$0(*nMMh20;(513)780-4665x78851
5150;Lisa Ryan;rmoran@bdd.com;%!Y91DIoD%;(795)963-0345x941
7978;Anthony Thomas;currytabitha@bdd.com;pw6NIs^ts#;+1-404-743-9823
7505;Natalie Mcfarland;samanthaking@bdd.com;4qQ0RAbN+&;+1-888-827-9363
6467;Rhonda Sanchez;josephgibbs@bdd.net;A%(5S7zhHJ;252-285-4409
1804;Brenda Little;qhughes@bdd.net;Fv4ocOQ@Z*;(542)980-6888
3698;Mark Berry;bailey98@bdd.net;$B4Rt*Y5!7;479.997.2150x8580
143;Sara Bailey;williamsrobert@bdd.com;e24gBIFj!5;(907)627-2282
6300;Casey Cain;tjohnson@bdd.com;eDEkMyvR(2;935-329-7484x83777
8351;James Yoder;lisa10@bdd.net;_)PAjCRzP2;259-704-7440x726
1729;Keith Copeland;grossjeremiah@bdd.net;A21MI#_r+(;330.606.6575x34358
2206;Kathryn Williams;mfox@bdd.org;*YNDoKDie2;439-962-7288
7489;Greg Davis;dianeevans@bdd.org;@WbD8nLaoZ;+1-838-697-0938x32466
31;Erin Wilson;landryamber@bdd.com;#d2TYbyHl$;001-415-609-0986x8142
3382;Drew Kelley;ecarey@bdd.net;_6Q#iyttQG;904.658.0612x4311
1132;Amanda Gray;carlosandrews@bdd.org;7(4ELOla!%;951-357-1201
5333;Connie Fox;kknight@bdd.com;B%*0@ZMnyX;687.368.6447x5585
1890;Robert Douglas Jr.;zwilkinson@bdd.net;$3Y)soXqQh;825.940.9123
9596;Ashley Lopez;bramos@bdd.org;CS2lCFNb!8;647-597-0251x57352
1353;Vicki Richardson;zachary57@bdd.net;@K3vI&Db$h;(676)897-8116
8539;Susan Frye;angel41@bdd.net;qJZ9ViYG0#;406.706.2865x7015
9327;Carrie Watts;rodriguezchristopher@bdd.net;%oX9FC1t6F;001-208-622-2467
9990;Kristen Sanders;umiddleton@bdd.org;*bi2N@p84W;398-237-6625x27366
8066;Sarah Medina;rioskenneth@bdd.com;y#3Bx+5G&*;(379)323-4658
6411;Faith Michael;john61@bdd.com;56w$JnpU(6;(397)286-0462
5491;Jennifer Morrison;edixon@bdd.net;s2U32Qc4!9;(516)364-6923x6925
9869;Joel Howard;fgill@bdd.com;SvCf)nmn!0;+1-968-362-8105
7810;Christopher Santiago;rbrewer@bdd.net;GC2DswY9(O;835.636.2205x45748
4138;Victor Howe MD;potterkenneth@bdd.org;&+4iL8v@bh;635.693.2953x57302
6704;Daniel Lara;james96@bdd.com;l*UFR1Cs@1;+1-848-714-4574x031
980;Jorge Conner;melissahill@bdd.org;FkR*2BSg8$;001-904-883-8737
9607;Ronald Alexander;petersonsamantha@bdd.com;##9ps7Ia1D;+1-688-228-2271x721
4491;Craig Gomez;dianerogers@bdd.net;8#m9!zsi0B;664.491.7168x5573
4472;William Harris;campbelltimothy@bdd.com;%&aiQTlD5Y;735-562-1594x536
3435;Johnny Hunt;tracy63@bdd.org;*zRF_qvb1(;(245)784-9203x421
8196;Nicole Moore;walter08@bdd.org;$TLPj_3e0T;+1-207-304-6082x192
3674;Regina Mckenzie;patriciaclark@bdd.net;WO85Xtb!%7;001-780-545-2796x09408
7652;Kelly Phillips;haley71@bdd.net;C@1Yf&^xy6;6542258577
4975;Zachary Fitzpatrick;ronaldrobbins@bdd.org;9ljudQF0$*;6306059822
4364;Marissa Stewart;walkerkimberly@bdd.net;%a%EEyFKb4;+1-578-317-9370x49148
5869;Cameron Hawkins;thomasashley@bdd.net;8aZVDae$*U;877-397-4624
6851;Brian Anderson;crystal90@bdd.com;#950BrZfsb;4495462339
1696;James Taylor;ashleyreyes@bdd.net;!(f56Yo@Pk;(935)447-5082x780
4732;Samuel Curry;shelby74@bdd.org;#_0JEs+lEK;937.334.5012x71832
7150;Alan Cox;zphelps@bdd.net;%q8AVqzC_I;001-835-615-6436x771
9212;Dr. Sarah Jennings;wrightolivia@bdd.com;Z5BvRBhy*8;873.856.2283x5761
9950;Terry Santos;mariabecker@bdd.org;uJr)1IVa4);001-945-617-1908x8173
1125;Carol Hamilton;currymatthew@bdd.net;LZyo+7g^V^;001-874-651-0184x74323
6171;Sharon Harper;esimmons@bdd.net;k0Y#kKr%#s;001-522-572-2355x935
3210;Joseph Holmes;danielsmith@bdd.org;ck*4PDqjk1;840-351-2199
5812;Jay Saunders;lcrosby@bdd.com;!9PhunjlEG;+1-502-616-6143x20239
1247;Julie Brady;kelsey63@bdd.com;^+5Xlt+bWo;2553844364
8747;Victoria Manning;jasonlopez@bdd.net;n5@UuYyh&b;(678)662-1773x5169
4993;Lori Hall;donaldsmith@bdd.net;1BUr16Vd&4;473.743.7136
42;Donald Garrison;ernestmaldonado@bdd.org;#87ugD4k9^;(466)861-9299x74595
3169;Patrick Thomas;marksfrank@bdd.com;A!2Y2VpHA^;(914)975-9197x83656
1492;Paul Evans;brandy55@bdd.com;*1(B@V+wu7;676.746.3004x47925
6905;Alexander Cook;kevinbarton@bdd.com;ZeoP6W#Y!!;763.829.2050
7859;Caroline White;pcarroll@bdd.net;Mx7!1Zkn+V;(464)453-3956x4230
6882;Anthony Jones;tarmstrong@bdd.net;n+Pp0pXaNN;976.525.0129x20598
6651;Ian Morgan;lucasjoshua@bdd.com;3RZsKWUp)u;+1-878-335-7152
6587;Robert Burnett;patrick94@bdd.net;#B3YgCw(_9;993-558-5520x37275
3483;Heidi Alexander;bakerjohn@bdd.net;%tIMN5DBK3;426.495.8473x066
5578;Fred Young;jenniferhancock@bdd.net;qbQSaa6e#5;3978508776
8366;Claudia Jones;wilsonjerry@bdd.org;J4_2hJneFd;001-989-661-2297x555
7645;Kathleen Alvarez;davidhawkins@bdd.org;rDP9gAxB)P;951-247-3759
7214;Elizabeth Ross;kgibson@bdd.org;M1D$F&l$@@;(404)279-4904x48246
1671;James Ayala;rojaschristina@bdd.org;+wN#Hf%1A7;309.790.6335x584
5185;Zachary Adams;gjones@bdd.net;$P9iIxrvh);(998)490-3177x29492
489;Claire Jensen;joseph03@bdd.com;$bnV8@Ca&^;719.405.3138x365
9992;Lisa Molina;smithjulie@bdd.net;^0iFh2n%^W;388.990.4750x577
3557;Brandon Jones;david71@bdd.com;$3Gy#w*_ri;(271)484-7451
439;Kimberly Daniel;matthew81@bdd.org;(1jvI&eW6X;001-241-346-7322x2882
987;Denise Morgan;diana12@bdd.com;*3EWNegepe;+1-536-995-5848x54627
3922;Tabitha Combs;michael64@bdd.com;jJ%82E+o@M;529.964.1613x3388
4257;John Graham;origgs@bdd.com;eCb7!nh9O*;(218)952-7897x1463
940;Suzanne Anderson;keithmartinez@bdd.org;YT$)iIok^4;+1-608-845-2800x984
3957;Kyle Cruz;rcortez@bdd.net;&116AIYh%B;250-410-4140x0460
5400;Kevin Schroeder;ashleylopez@bdd.com;61Kwgd8M$L;001-879-584-8811x1452
5726;David Mendoza;karinamartinez@bdd.com;g%IG7vNv)c;440.283.3914x475
5834;Kelly Soto;yhenderson@bdd.net;ZkEf+cql+7;862.897.9253
7120;Kristen Wood;brian45@bdd.net;(9Jz0l&8Pe;+1-496-735-8337
9376;Robert Jackson;whitekelly@bdd.net;#7giCkd5oU;+1-885-630-9739
4979;Vanessa Salazar;jonesamy@bdd.org;LNv3VoFyQ&;443-818-9673x6798
9745;Christine Rice;ascott@bdd.org;_%e&EEW!q6;+1-208-340-5848x204
4523;Carlos Garcia;michelleblackwell@bdd.com;(5LC$YvpG6;001-364-774-0304
634;Bianca Young;edwardsdavid@bdd.net;+s7Zv!y&i5;461-399-6121
4721;Kathy Torres;brittanymay@bdd.net;M$8P4seI@(;461-903-4301x549
4475;Terri Bradford;dale69@bdd.org;@1wE5iAt^r;001-297-467-9771x5841
7339;Brendan Hunter;amandawilson@bdd.org;8r53YNSqc!;7738262080
4348;Brian Marks;danielfigueroa@bdd.net;&9ItbbA0iM;519-969-6400x81571
6736;Michael Brown;johnsonbeverly@bdd.org;%@53HZJq$e;001-750-233-2888
7536;Sherri Turner;alvarezabigail@bdd.net;w$@y2PYyoW;(500)285-6107
8566;Natasha Macias;rachel14@bdd.com;c(1ObZ#xi5;581.484.0423x642
442;Timothy Phillips;carrie00@bdd.com;cI+S6nWsNc;001-257-623-6370x8674
1309;Sharon Rivera;jennifer74@bdd.net;1rOg46Qq)9;9436738620
5669;Joshua Blair;kporter@bdd.org;cEH6Aozg*1;689.490.7983x2161
9268;Emily Jones;osimon@bdd.net;+(2CfBNc0v;918-586-0752x290
1093;Emily Simon;ryanjohnson@bdd.net;ii)9rKpg)#;298.839.6914x36038
5199;Elizabeth Wong DDS;michaelyoung@bdd.com;t2yOz_Kx_u;635.935.7761x43822
8129;Taylor Green;pamela06@bdd.net;#A*HA+hp$4;643-245-2977
5787;Monica Peterson;raymond79@bdd.org;!9DFprcO@#;209-801-9606
5248;John Gomez;lrichmond@bdd.org;A^(3aRk&QR;466.702.3899x94252
4896;Jason Johnson;xgriffin@bdd.com;S9PP^DMg&A;3239720913
2389;Joel Stanton;shawnburton@bdd.org;#KQ1SwUky2;609-254-7642x081
4139;Grant Horne;ashleypena@bdd.com;*1sQhauPO1;803-251-9049
9369;Caitlin Moore;megan61@bdd.org;@0O#n9PO%S;777-548-7841x2472
24;Kristi Smith;cameronvalencia@bdd.org;&!4VVY4w#Y;+1-514-632-0477
3878;Michael Cooper;hortiz@bdd.com;+7RWbUBvEy;540-684-1785
331;Corey Kim;rgreen@bdd.net;t&*7N)(z3u;815-554-0982
9464;Jade Gentry;james26@bdd.org;(dXjvgn0b1;874.758.8940
6084;Brittany Strong;gregoryhartman@bdd.org;A+m2O8n*ho;(664)293-8448x04989
3730;Monica Fernandez;lindseyramirez@bdd.org;6%9132Xx4v;232.299.7948
4040;Zachary Lowe;fwheeler@bdd.org;jOMY$_r(^6;001-751-822-4747x3629
6883;Heather Scott;teresaconrad@bdd.net;!2x9(0Xwl);501.810.2858x66256
4050;Carl Harris;lori67@bdd.net;h@H7Sqd+Cd;573.545.5538x46421
9403;Alan Rhodes;brockdennis@bdd.net;3eN(1BYyxr;+1-271-414-8183x808
2727;David Estrada;nathanharris@bdd.org;6%RevWSp!L;+1-754-895-0674x18404
2918;Carlos Bennett;andrew55@bdd.com;kf7Q!fau*4;744-202-8998
1456;Robert Edwards;jeffrey98@bdd.net;rU5qYqbd^3;001-212-375-8435x6421
1205;Mark Reed;rzimmerman@bdd.net;OENcw4Ic#K;654-689-8146
1930;David Martinez;alex33@bdd.com;r%9gHw$imB;001-453-746-5579
8288;Rachel Wiggins;crawfordandrew@bdd.com;Eej0pQ6Jh(;213.858.3141
4913;James Woods;jerryandrews@bdd.org;r5Q)AnAv$r;+1-926-491-8975x95557
5331;Richard Blackwell;wendyelliott@bdd.net;uMs8Ln!o#x;7473596916
136;Anna Blake;butlerryan@bdd.net;eU*0ZqppZ_;827.686.5370x71833
5264;Theresa Wang;smithmargaret@bdd.com;@8z@aL0RyZ;6716431611
98;Sarah Ross;ogomez@bdd.com;E+0DuaWB_3;474.970.9112
8078;Mary Dawson;christopherhernandez@bdd.org;Z(GLy9#hYV;001-347-875-1434x6593
3416;Richard Perez;tturner@bdd.org;k2vQ)baz^9;(343)499-8985
717;Dr. Rachel Thomas MD;joshualawson@bdd.net;5R*4PadSA+;(430)223-7043
2092;Mark Brown;michaellewis@bdd.org;)K3XSwnaJq;(830)846-0030
8808;Victor Johnson;carlybeard@bdd.com;$R%8&NssS1;+1-439-734-5129x59274
4399;Amy Ball;gina27@bdd.net;B_3v6VGmF*;316-923-2158
8477;Jeffrey Porter;wcollins@bdd.org;*h4U*Re)_N;516-603-1106
2452;Jeremy Robbins;klowe@bdd.com;vN*h3OcXlT;001-372-673-0453x8305
3355;Crystal Martinez;lisachambers@bdd.net;gX1GrLjK)C;+1-379-501-7745
7858;Stephanie Kelly;jeffrey07@bdd.com;XK0WFsXm)Q;001-937-529-9403x8697
1822;Christopher Floyd;knightjacob@bdd.net;90m4Imn)q);958-907-5358
540;Matthew Winters;michaelhammond@bdd.net;!J9sqDx9(!;(797)882-3324x6940
7241;Anne Ayala;ublair@bdd.org;4grz%NO)$y;570.959.7312
9479;Jonathan Moss;jill91@bdd.org;Z1)^$6LfHq;+1-474-639-0104x2866
9431;Michael Oliver;blakejustin@bdd.org;$U)p1Ed)Wn;001-229-734-5849
2227;Michelle Haynes;yjenkins@bdd.net;!7_^VBrAtE;456-569-3421x30518
5817;William Humphrey;ihernandez@bdd.com;#3_OP5PmsM;434-774-5812x639
6191;Lisa Smith;velazquezjustin@bdd.org;s!$2BO%z&D;001-323-938-4042x5643
245;Melinda Copeland;jamesyoung@bdd.net;&M7wbSEryW;798.524.1488x54908
9149;Kayla Reyes MD;amy27@bdd.net;*3S^S^IriP;882-667-9407x794
9770;Adam Todd;george39@bdd.com;fSRA3Toi%Z;610-951-7595x01448
3579;Jesse Levine;dnelson@bdd.com;L^P4ATpvl_;+1-680-385-9798x6933
9374;Debra Brown;morriszachary@bdd.org;&2P71CjciK;624-266-9995
4162;Donald Fowler;xthomas@bdd.org;0t7H1rPJ&@;+1-950-959-5976x612
6884;Stacie Christensen;yfaulkner@bdd.com;Hf8sKTNqY(;+1-616-484-6825x79026
6195;Andrew Wilson;stevensscott@bdd.net;1uPjw(D*++;528-583-5961x581
5125;Kathy Merritt;russellmegan@bdd.com;m+2#_IgSYY;+1-290-848-6417x6611
7957;Danielle Reid;parkersarah@bdd.org;9*HtbaLt$0;449.398.6281x721
1507;Amber Davis;kevinhall@bdd.com;!fC0rBqU)2;8973553003
7451;Dawn Gonzalez MD;ijimenez@bdd.net;Mr@0WL#jMP;+1-349-308-4970x6486
7663;Brett Nichols;brandon04@bdd.net;@jXGSg^d!2;+1-451-364-5989x0105
378;John Fox;kingkeith@bdd.com;@9zXNXj9z4;+1-662-831-8302x23847
9081;Stephen Adams;deborahwalton@bdd.com;%4KN8ypR4F;856-491-4799
2263;Kelly Mckenzie;caroline18@bdd.net;r$I@0HsjP@;(822)906-3684x882
4209;Dylan Morrison;ymcguire@bdd.org;r8HkA_1g*M;871-937-5502
4073;Hunter Stewart;cgarcia@bdd.net;PO@5JUZwDY;+1-384-941-7711x986
5356;Richard Burch;mtanner@bdd.net;Jjzz7K(v*_;796.851.6100
3802;Wendy Ray;kathrynhall@bdd.org;h@3YO2rP*U;(279)726-1221
9434;Juan Guerra;claycarrie@bdd.org;$S7MmS8tO%;897-655-0120
1175;Brenda Johnston;gkennedy@bdd.net;#jGw(H@F%5;(999)670-2947
4091;Donald Morris;upineda@bdd.com;x+Qd0YsC8T;+1-349-530-0545x4230
744;Lisa Harper;halljulie@bdd.net;W^4E_n*v+1;381-471-9655
3837;Justin Franklin;scottrogers@bdd.net;)HGz60LdQm;(749)634-2658x6534
5409;Duane Ford;chelsey55@bdd.com;W^7Bn$i0^d;(336)264-1796x252
534;Elizabeth Aguilar;pagejessica@bdd.org;*1@bXg8qM0;(498)950-4220x395
7199;Nathaniel Cherry;michaelchan@bdd.com;%k!7PyBfia;715-564-6208x2866
3949;Susan Sanders;scottgould@bdd.com;%7SHteYeDy;001-476-657-6400x9863
9548;Andrew Barnes;olee@bdd.org;jlf3Q!OQ$_;(702)497-8028
1233;Gregory Payne;martinheather@bdd.org;X4J2lnwE#s;475.730.5912
2297;Brandon Moore;jhawkins@bdd.net;6GGwYg)s#Q;(237)411-6111
9001;Shirley Brown;martinezautumn@bdd.org;!55RvFt@_J;432.455.7912
1703;Allison Williamson;lisarobinson@bdd.org;LDmU52Gt@2;(877)490-2298x48744
2440;Brian Fischer;kristen67@bdd.net;)N#1KEJ1x3;543.475.6659x1163
4478;Billy Stein;qjohnson@bdd.org;M^&1nAVlp0;(699)463-1595
8212;Jerome Wheeler;hfrench@bdd.org;^9LjGkngke;811-963-9939x2473
8508;Jessica Howell;cruzeric@bdd.net;UQl9GWSl0+;(232)811-6799x25993
1951;Angelica Henry;ofleming@bdd.com;n*1jeXcgZs;(964)788-2999x97132
9334;Ronald Floyd;reginawheeler@bdd.com;*n7N4pWx&$;001-696-248-6354
6919;Angel Taylor;kelseymurphy@bdd.org;ivNB+y^#)8;874-788-0207
7228;Christina Wolfe;wallaceadrian@bdd.org;pz)Y1Otxoj;001-774-565-8882x8465
186;Jay Friedman;umurphy@bdd.org;38Y*GQIa_d;972-396-6747
9462;Mrs. Alexis Grant;kingrobert@bdd.org;*O@dUhx&4X;510.705.5875
7917;Deborah Brown;stevensonkevin@bdd.net;14cv5Sk@@N;(220)485-6239
5565;Robert Richardson;thomasbrooks@bdd.org;U)7NT19w#i;886.831.9890x6136
1076;Jack Davenport;syoung@bdd.com;Q7NLXDb7(A;001-571-762-6543x2658
8538;Elizabeth Walsh;herrerascott@bdd.net;D7R0rSNb%q;+1-220-756-3822
5850;Daniel Anderson;ajones@bdd.org;%6u5fNmcTc;001-927-820-3635x6520
4180;David Shannon;ulee@bdd.org;$79n4KP3!f;(208)879-1883
6423;Elizabeth Johnson;leonardshelton@bdd.net;@FxCGQotU1;+1-681-484-5691
7712;Melanie Jennings;yvonne02@bdd.org;4!9Mokd1BM;427-741-3130x235
4738;Ashley Mason;melissa59@bdd.org;*Sjs@yWtr1;+1-602-537-9168x9470
8265;Melissa Thompson;julie55@bdd.org;nuU0DbtuA#;001-294-868-0803x4385
3919;Alex Schwartz;matthew98@bdd.com;vB!EMBvB!3;(700)472-6436x755
1810;Jeremy Kelly;cranegina@bdd.org;6j^SM_9b)6;001-397-919-4069
2607;Tracy Brooks;tapiahayley@bdd.org;+t9Gx%*kNl;(323)788-6489
5513;Megan Williams;debra31@bdd.net;t#!1OnFxAB;370.873.3486x0697
4897;Holly Mcdonald;margaretpruitt@bdd.net;^uZ9b0LqN6;+1-852-544-5658x172
1387;Cheryl Daugherty;joshua38@bdd.net;k4XS$oBy^W;386.866.3319x6083
3275;William Miller;andrew20@bdd.com;8nMT4l&D&$;2685476688
7923;Wendy Dawson;vandrews@bdd.org;_@9nv)Wcw6;378.237.9504
9824;William Contreras;kevin51@bdd.net;q)X+9EWnr!;+1-254-650-4696x4420
6145;Angela Landry;normanhunter@bdd.com;)2JfG3u7l0;857.672.5636
3777;Gary Vazquez;shawn86@bdd.com;PO6Q#ZmG_N;+1-571-428-2562x3328
1178;Bill Ramirez;rrodriguez@bdd.org;&@^8DJCdh7;001-681-778-4362x618
4225;Ronald Lopez;jreeves@bdd.com;By^4XVm2bQ;(687)831-6414
609;Rhonda Brown;timothychang@bdd.net;z^97N*NcDj;(986)361-4011x077
135;Nancy Ortiz;johnsonspencer@bdd.org;j9URO2vr)j;890-244-4181
750;Jonathan White;bobby40@bdd.com;_KHfNM9Mt3;3003375678
832;Monica Williams;bfrank@bdd.net;)V5S11l0lN;463.777.4245x97884
1677;Destiny Wright;bwalsh@bdd.net;^7TKDAy1W#;001-331-795-0358x75270
4996;Gina Flynn;adamscourtney@bdd.net;%SHs8kYfj2;001-899-943-3355x34906
326;Roger Hansen;zrussell@bdd.net;*DovK3Fpn%;(970)863-4669x274
7121;Michelle Chapman;wmiller@bdd.net;9De5F6zu(%;001-456-639-5322x8630
3200;Cindy Morrow;rleonard@bdd.org;%aBylBEl5I;001-985-700-2222x309
1107;Brittany Mitchell;ashleywilliams@bdd.net;*LkGNiTu+6;001-733-803-8592x092
3901;Stephanie Zimmerman;valdezangela@bdd.com;k7IpYSsw^p;(469)638-2668x558
5750;Levi Spears;caitlinthompson@bdd.com;WX8j0RNd)M;988.372.6063
1056;Mr. Juan Williams;tpowell@bdd.net;n38vPymEI);965.814.1258
874;Deborah Graham;morenojustin@bdd.com;IN14cUc(_H;+1-977-808-6466x20917
9773;Richard Henson;csoto@bdd.org;%d87tBr(gE;9446846647
9801;Karen Haas;taylor95@bdd.com;1f0tVr3n&7;851.242.7875
6981;Melissa Jones;christina51@bdd.com;A%3Dyzb8cG;734-787-7986x67833
45;Jennifer Roberts;sjames@bdd.com;*25RV+oHL@;993.563.3823
273;Anthony Garcia;william52@bdd.com;$GV+mQca8W;+1-460-821-7629x277
2069;Amanda Bell;heather09@bdd.net;4fQ2Tge*@J;7018851077
4058;Michael Erickson;smithjason@bdd.org;If#8(CnyPL;(502)372-4320x455
1743;Dr. Amanda Anderson DVM;matthewskim@bdd.com;)h6#DO%uVb;614.400.5984x635
7699;Beth Nash;thompsonjoshua@bdd.org;l!^xy7ZawH;(249)935-5731x688
2073;Zachary Lee;davisraymond@bdd.com;%q2Bje7w2I;001-495-288-8129x79299
3206;David Williams;chasegonzalez@bdd.org;+4R#mtbGku;(641)459-9917x4287
3871;Dave Davis;johnathan84@bdd.org;&*HeM8Bg9O;001-472-282-6365x687
4299;Robert Wilson;ccarpenter@bdd.org;vGKv(XFl$1;769-436-2172
5207;James Thomas;regina46@bdd.org;&p62LFHYr(;385.490.9672
3397;Jessica Griffith;ewilson@bdd.com;+mLuH_Ckg4;682-872-4833x5577
7510;Tyler Dickson;lesteremma@bdd.com;*aLlxOT7e5;001-343-504-2866x34418
2726;Hannah Keller;smithbenjamin@bdd.org;_xV1vUA^R3;752-769-8182
5777;Lori Roberts;corey68@bdd.org;JHi^7wGhhV;319-984-8716x02622
6812;Laura Valdez;diane04@bdd.org;9hY7G7gX1_;+1-926-670-5439x08016
7435;Andrea Richardson;anthony36@bdd.com;A3zXwB@R^n;+1-561-909-9727
5468;Alicia Gonzalez;rwilliams@bdd.net;$XXnd#CI)7;781.613.7948x28910
9331;Kayla Harris;amandabrown@bdd.org;#HVlf44842;7167294956
6225;Jordan Jensen;vwillis@bdd.com;M8H2$aex#i;(286)575-3876x302
8997;Jessica Boyer;rmoses@bdd.com;(04TRJEyYy;3686897077
9176;Adam Erickson;dickersonnicholas@bdd.net;!sN4RgtmMM;+1-551-324-4312x542
5050;Lisa Hickman;oliviaramirez@bdd.net;&AfE+4Jxtz;+1-978-672-8328
7912;Reginald Rogers;xcook@bdd.net;j57$YxSa)+;938-520-1993x2368
4142;Lisa Hudson;sodonnell@bdd.org;@7kFCnpiuv;(812)728-0055x10525
7467;Benjamin Ortiz;zgomez@bdd.net;v1UVW9&3+u;(822)239-7616
4679;Lisa Robinson;jasonhampton@bdd.org;!t*MIoMp8y;617-919-1698
6017;Kristen Davidson;matthewnguyen@bdd.net;_0#dZqsJ_2;651-371-2649x97109
6687;James Brown;swu@bdd.org;#6#XNNCx+Q;571-302-4175
4803;Caleb Hill;thurley@bdd.net;#W3RiJd@p*;419-682-3160
8169;Mrs. Cassidy Ford;mnorris@bdd.net;&4HIUpJes9;519.743.8496
1893;David Evans;williamswendy@bdd.com;*9vWWvz1Y3;+1-291-673-4286
4695;Larry Mccoy;goodwinbecky@bdd.com;#b9Fwv6J@b;+1-468-619-6770x7487
8107;Miranda Doyle;robertbrown@bdd.net;zC2^&oTrr@;001-544-708-4707
2173;Jacob Villarreal;linda08@bdd.org;)2uFg6&^r_;934.334.8258x65428
1642;Brittany Jones;patricia05@bdd.org;6xFiauae&X;399-594-0045x252
8949;Kevin Stone;smithjoseph@bdd.com;9!Yn2)nzSA;2273441361
2589;Gavin Escobar;richardlin@bdd.net;50EW9k#x%D;(932)223-2577x26025
7197;Kimberly Huynh;david65@bdd.org;+J%BW9zD)5;+1-697-527-8313x08597
2526;Kristen Murphy;chenmaureen@bdd.org;^NU$HFcbC0;+1-656-847-0107x894
2150;Gregory Harrison;savagebrandi@bdd.com;&x9K6*nJYl;+1-461-437-7566
5503;Peggy Fitzgerald;taragilbert@bdd.net;TFf6Nn$!*9;555-386-3035x360
2874;Willie Jones;wesleysmith@bdd.com;p2+Qy^+S%P;348-217-0741x4713
8876;Kimberly Arnold;tfuentes@bdd.net;gli0KjTcF_;425.220.2457x8250
5368;Teresa Myers;nataliedavis@bdd.org;YBPfJJo9_2;(334)393-1347x79902
3714;Matthew Ferrell;robert46@bdd.net;mLXl%UOC*5;839.261.8373x358
1455;Katie Oliver;markdelgado@bdd.org;*WV6RyDr9t;908-617-8367
4928;Carolyn Hoover;caleb27@bdd.org;+0VO8m@U^*;001-444-437-7965
5637;Mary Flores;zgreen@bdd.com;j@55iHijZr;541-855-9646
8305;Chelsea Delgado;newmanmegan@bdd.org;8$^3dHoQSI;001-664-929-3100x570
6591;Heather Lopez;johnfoster@bdd.com;@5QvSBO3cK;472.686.0391x0521
5334;Kevin Robertson;umorton@bdd.com;#mr3MIdlCt;001-833-705-4804x04819
526;Frank Brown;francisjessica@bdd.com;7$@G8nr@&7;715.500.1528
5317;Tanner Dennis;christina31@bdd.org;&3pUxxUFqk;(711)237-4507
368;Christy Frazier;wmoore@bdd.com;@31JhMpPZN;488.785.0526
170;Troy Rasmussen;martinmark@bdd.net;&Dw3pDbemy;768-303-4447
7924;Joyce Oconnor;lskinner@bdd.org;w8_t2Qkm@s;(357)353-1657
2502;Robert Chan;zware@bdd.com;T2YGDl@d*z;+1-579-522-6459x5188
8592;Timothy Moore;palmerkaren@bdd.net;^3EMfopKs5;923.390.9820x159
491;Meagan Hill;josephrobertson@bdd.org;(7nFN^qnBk;432-431-9463
184;Laura Giles;timothyferguson@bdd.com;6FMLEF#4)s;001-503-348-3527x46775
3943;Kylie Pearson;bkeller@bdd.org;G(X26Uinb!;001-414-249-1806x438
4719;Matthew Leach;meghan35@bdd.net;#0NI8IDu(y;6823507357
2948;Mark Burch;joseph36@bdd.net;$UwDh0C1s8;990-234-9448x93790
7203;David Mckenzie;gilbertholly@bdd.net;Wn5M#5s!8(;001-310-649-1944
6487;Holly Hart;steventaylor@bdd.net;*$%0Owjonl;+1-429-319-3992x341
2289;James Wilson;anthony62@bdd.com;xD&t6NfOIp;001-826-538-9737x2390
8886;Joan Ellis;xthomas@bdd.org;6*&52KhcBG;001-559-801-8343x754
2096;Mr. Jeffrey Landry;smithbarry@bdd.net;H%0XA9Gea+;283.836.3031
9654;Joseph Jones;kellysullivan@bdd.com;8jKN9WMh)H;+1-769-467-4987
8397;Zachary Ramirez;cduran@bdd.net;r2aqOMEf&K;+1-392-478-3006
8577;Amanda Christensen;franciscoelliott@bdd.com;*3oNtYEw)j;765.642.8484
5523;Aaron Waters;ortizjames@bdd.net;z*A30D6g0R;260.389.5972x530
9213;Fernando Meadows;ymunoz@bdd.org;!2Z^%Fqca5;344.337.8145x21171
7494;Julie Holder;rhondalara@bdd.com;&849yjOsjy;583-748-1697x990
9856;Evelyn Bolton;fuentesbrian@bdd.com;+9WLiHcQ*2;295.735.3498
1308;Cameron Costa;michelle15@bdd.org;Y9RHAjqq%e;+1-285-583-6682x6365
1745;Brandy White;nunezdouglas@bdd.com;!M1wPt3CS^;557.210.6818x3260
2942;Virginia Nichols;nancygreen@bdd.net;%9pjbHvXjK;(213)281-6418x54907
2217;Nicole Gilbert;dawn55@bdd.org;7(z@1N4u(Z;555.626.1759x61101
9357;Trevor Turner;petersonmichael@bdd.org;$)9HBKfIdb;(472)560-9586x345
3229;James Patterson;xthomas@bdd.com;*2nK3RYjpp;(851)462-5376x958
2462;Michael Barton;brittney22@bdd.com;l)8Tk3!q(5;227-824-7037x054
8363;Amber Tucker;vlopez@bdd.com;^L^xC_Ua92;776.406.0840x6944
6719;Jessica Moore;marshalleddie@bdd.com;$M75IIkfsk;(605)931-7879x676
9669;Rhonda Robles;jonesdenise@bdd.net;*3yd(9Jzd);5812328616
765;Suzanne Burns;wesleybennett@bdd.com;J5^29Ced$@;001-552-368-3521
1005;Amanda Maldonado;dcarson@bdd.net;(5CwWKrpOy;+1-687-295-8413
6395;Alexandra Schaefer;cooperbrenda@bdd.net;!4SU+FVkl6;001-956-782-4378x9606
7946;Mr. Riley Christian;jamie76@bdd.com;Yl58#Kb4R&;+1-746-909-9833x0007
4675;Dawn Lindsey;barrycarl@bdd.com;&H^3X(CsoU;749-879-1234x45156
6804;Timothy Patton;daviskevin@bdd.net;eYq&7Qwv)b;235-575-1812x65149
6740;Natalie Sellers;sierrablake@bdd.org;U!42rIctTo;2487063034
2054;Cody Miller;grantvincent@bdd.org;!FoPIDMbe2;533-428-6109x855
7399;Bobby Harvey;michaelrodriguez@bdd.net;+BeogAdG%7;+1-621-541-9822
3427;Brittany Estes;floresanna@bdd.org;v49IkBXn$b;207.679.0738
2308;Jeremy Taylor;ahill@bdd.com;!7AQ1CF6wg;271-438-3851x6878
5785;Ronnie Pham;melaniehartman@bdd.com;)T(NouX8J9;+1-345-721-6454x00732
92;Carlos Hill;crossnicole@bdd.net;ra9RN!Zb__;2642878006
7614;Karen Sanchez;brownkevin@bdd.org;xHj&7Fslar;(585)639-4067
253;Matthew Johnson;qallen@bdd.com;H+2O0S^nU#;001-291-850-6872x226
2938;Paul Harris;smithjeffrey@bdd.net;DWr7WOEuP@;214-670-0871x08099
6530;John Vaughn;swhite@bdd.net;z2T@^1IvXh;001-852-941-5348x5989
4271;Mrs. Melissa Dougherty DVM;millerkelly@bdd.net;ir7*P_yK_);738.594.0872
1187;Diane Mitchell;alexander13@bdd.net;KeK*9D_CS%;224-650-7025x831
5562;Lauren Daugherty;simmonsmeghan@bdd.com;(F329LJru%;(396)967-9064
8414;Jennifer Baker;jacob88@bdd.com;U6H4xX9J&d;001-557-729-5650x83409
8203;Raymond Morales;rlopez@bdd.net;RJnt1^Rr1$;+1-709-799-2573x498
7801;Dan Sullivan;vhoward@bdd.com;3qtB9+Yt!8;001-958-784-3653x1687
8916;Melinda Craig;joannbryant@bdd.net;N85HEI@h^b;483.636.1938x4945
9201;Kristina Byrd;connor24@bdd.net;Z(n5XjS5pz;(788)626-5727x339
7025;Kristen White;nancylee@bdd.com;R0TgKFle^A;459-864-6260x4711
7238;Keith Gibson;dspears@bdd.org;c0hM6Ov++U;(310)496-3718
8769;Keith Conner;nancy17@bdd.net;Bn#hTK%g&8;+1-946-852-0943x580
4464;Henry Chang;elizabethhoward@bdd.org;_9W^RZvg)J;001-259-298-0698
5778;Kimberly Snow;adamwright@bdd.org;@g&u$6WG52;275.521.0979x51708
688;Jane Austin;garrettjoshua@bdd.com;JO3MPxYg_^;503.259.6940
2739;Karen Villanueva;petergonzales@bdd.org;^!m$2IeDU7;(731)823-0175
2866;Nicole Stanton;allisonnunez@bdd.net;^+U@ox7@%4;967-230-8898x56198
4736;Jerry Chang;alexandra70@bdd.com;NZ*0dBUu2p;(351)707-9676
8231;Nicole Rodriguez;aking@bdd.net;0TGxMbeU*H;001-569-776-0872
4002;Loretta Jimenez;bramirez@bdd.net;!D2EXcPhF(;+1-915-312-1712
6381;Sheila Chapman;qtyler@bdd.com;T*3hLfwFin;879-819-6938
1254;Mary Davis;peter75@bdd.com;k7m(yyAO)Z;567-613-6986x2839
2649;Melissa Berry;sandy77@bdd.com;)mF1BYMaFb;679.556.0179x23497
4239;Jesus Hamilton;floressonya@bdd.net;z1eW@GVm!@;741-781-5234x8035
9510;Andrea Allen;fmitchell@bdd.org;(@^9SXe!ed;(754)508-4324x4638
7411;Cody Martin;michelle87@bdd.com;c8R+IflG_N;001-549-483-1362x6105
2613;Christine Sims;qgray@bdd.net;(5+LzdjuA^;380-243-1133x033
3983;Felicia Rose;kimberlyallen@bdd.net;!9%Jcn$z*&;959-894-9941x8635
2337;Michelle Alexander;allison80@bdd.net;*se(TsBaA9;(811)725-3923
4875;Rachel Clark;chelsey72@bdd.org;1mT4QaAqU$;+1-650-208-9215x715
8867;Scott Cardenas;patrickbrown@bdd.net;(4xpYFlM%$;+1-762-695-0727
2436;Jillian Heath;mboyer@bdd.org;^7V5J(ksvq;(242)809-8544x74864
9263;Richard Jones;vgreen@bdd.org;z@qzh3fdSB;(693)715-4207x0609
4802;Robin Hancock;karen77@bdd.com;!0bUHRcg*h;(438)603-9953
9799;Antonio Jackson;zunigamartin@bdd.com;4)(6IAnU!9;(522)412-9474
3692;Cody Smith;clinton52@bdd.com;)#wI1+im7*;840.491.7545
2960;Haley Smith;brucejeff@bdd.com;+6kBT@lhLI;001-923-390-7523x553
3994;Cynthia Manning;sfernandez@bdd.net;%E7rzKAl!n;(533)608-6067x516
8792;Danny Russell;walkerbrandy@bdd.com;Lc09S#Fp^7;217.280.1776
4435;Bradley Meadows;williamscharles@bdd.org;%7mAa4G2+3;737.687.0828
4282;Jessica Baldwin;kendraconrad@bdd.org;^SP6PZiIi(;(848)782-0336x5348
5693;Sylvia Herrera;longvalerie@bdd.com;BsaL9HGn&8;001-717-715-1755
9802;Charles James;garrisonerika@bdd.net;7K5dH*Er)@;866-262-0572
1637;Jennifer Hughes;anthonywashington@bdd.com;$+_0CDaY7(;580.435.9758
983;Mario Brennan;zwilliams@bdd.com;+6ObVwi*Q5;373.924.8266
8650;Gloria Hood;emills@bdd.net;%g6&HIK^P*;243-978-3020x288
5732;Benjamin Stein;robinsonpatrick@bdd.com;$es5H!eoXg;661-550-2416x113
6213;Sarah Hernandez;jeffrey21@bdd.net;TnXEy^Rj&0;(287)883-1161
4115;Justin Murphy;smithryan@bdd.com;$UEyUj95)6;001-335-918-2222x609
3967;Maria Harris;abecker@bdd.org;O&40HZJx7V;+1-584-590-0575
2048;Kelly Dillon;jodi95@bdd.net;3$E6#TuF^o;914.602.0985x4638
7297;Jerry Jones;mhouston@bdd.net;OvYsbU$x&0;(596)236-2596
9142;Kenneth Swanson;fhoffman@bdd.com;^2thOq!0uM;556.497.4121x772
1354;Janet Calderon;tony25@bdd.com;B0Xku(Qr*L;(443)820-6893
221;Destiny Kim;ckennedy@bdd.org;DXTu&*7wJ@;(642)259-3589
8057;Douglas Lane;sanchezmario@bdd.com;#&5VTuhYdP;632-299-8071
9757;Jeremy Reynolds;jennifer61@bdd.org;6)r^KAo6&K;8258579649
3565;Jaime Calderon;stevensrebecca@bdd.org;g6PnkZ0n%H;557.427.5285x679
951;Sarah Bell;donnaandrade@bdd.net;+V#g77Zk4G;(857)980-1569
3688;Alexander Vargas MD;joseph47@bdd.com;a46CMCU)+l;+1-582-819-8624
2364;Christopher Shaw;billywilliams@bdd.net;^5Q6tTrV)8;504.504.4550
5270;Jennifer Klein;gjones@bdd.org;)*I9+kEbU1;287-741-3759
8787;Ricky Austin;delacruzelizabeth@bdd.com;$8NVM)Vg$P;001-267-905-1062x761
6144;Nathaniel Kirk;mendozaveronica@bdd.org;4iU73HIw&F;(519)715-4957
6047;Joshua Estrada;ycarter@bdd.org;#C1SmWm9*z;384.583.2663x193
1288;Mary Neal;nicolethomas@bdd.org;98EV)Yzf@o;001-900-727-0541x7889
1126;Carlos Gibson;edward63@bdd.org;$oXZwEHvN2;496.419.7879
301;Jacqueline Sullivan;camposbilly@bdd.org;*%I0R@LkE_;481-883-0048x304
9971;Jacqueline Watson;npeters@bdd.com;Xk@0VM2jar;466-312-7515
7597;Angelica Doyle;fred52@bdd.org;@J1VD93tq&;+1-331-370-5897x6563
883;Austin Hall;sylvia91@bdd.org;#pknB8Nq*8;+1-846-927-4968x2620
5367;Wendy Snyder;juanpeterson@bdd.com;&!3aUKie5p;676-384-0047x9436
3267;Audrey Williams;reneewilson@bdd.net;%W72ENp!Kp;(858)912-9064x8479
2625;Courtney Howell;nicoleklein@bdd.com;*6&K#L&AnP;317.386.9231
4383;Jessica Cardenas;taylornicholas@bdd.org;+%0GCogvEw;001-318-654-2798x77347
8219;Tanya Harris;fpeterson@bdd.com;L^n0YNr499;001-492-791-9737x9142
7325;Kristen Alexander;xhawkins@bdd.com;(GO!%KYw&8;798.478.5492x98994
936;Dr. Julia Romero;lindsay10@bdd.com;&J2HNU(vN3;+1-210-962-2480x0445
9366;Lori Hood;william79@bdd.org;K)e8NMMSRj;237-820-5308
9225;Michael Fields;jfigueroa@bdd.net;wg$XehsZ)0;7315241243
2498;Jennifer Caldwell DDS;leeeric@bdd.org;#s5pkTJhCP;(316)202-1388
9298;Claire Sanders;meltondale@bdd.org;QlsXtiv9&8;001-780-652-2613x534
1933;Jamie Scott;khouse@bdd.org;V)0sUDeT*3;(725)365-1918x95733
8029;Rachel Johnson;brianboyd@bdd.org;y0HvXxSJ$O;485.309.5849x1699
6817;Alisha Richardson;bakerchristopher@bdd.org;UE7UyYm3D@;001-602-814-2109
1029;Bethany Hicks;thall@bdd.org;^S3UL7ibRN;781-546-5759
6187;Angela Ward;sthompson@bdd.net;h5&&0GDm^(;001-438-780-6442
5589;Jeff Mckinney;wallacejohn@bdd.org;^6kRsHdhMs;(454)846-7121x362
7765;Emily Michael;jonathandavis@bdd.org;gH1Lcpqq*);264.511.2750x62412
1167;Michelle Rocha;pamelahowell@bdd.net;MIY#v2Sr42;001-833-846-6450x6184
1731;Amanda Fisher;nguyenveronica@bdd.org;@6LLPtqFg&;291-877-2243x30146
4004;Jamie Miller;zdillon@bdd.net;9+BB@abT&E;+1-276-406-2155x598
1614;Mariah White;cynthiacook@bdd.org;aG8^kBOkc%;001-366-351-9708x6547
9170;Renee Moody;ryan54@bdd.net;^sEQI4vz53;+1-985-261-7014x32468
1113;Roger Rollins;leah15@bdd.com;@XqoVzlg@3;682.309.1138x0018
5289;Anthony Peterson;thomasmontoya@bdd.com;l6g7k19h!S;834-388-0218x804
5657;Christopher Ellis;tony52@bdd.org;#%69bTitog;+1-635-244-6651x3465
907;Priscilla Williams;regina78@bdd.net;B26BrMx&$o;765.603.9197
466;Robert Wiley;mle@bdd.com;)97NYncu0R;(368)886-6978x48137
3021;Michael Mills;hamiltonrachel@bdd.net;8q0xD+fs!7;584-718-2737x54110
8910;Mr. Corey Rhodes;keithmayer@bdd.com;U+&0xVfik3;662-864-9011
1943;Ashley Wade;thomas23@bdd.com;*Z2a6Wc+^o;697-749-1377x291
9303;Lisa Brown;erich@bdd.org;^^2QBOoI@I;001-731-427-5841x7416
9825;Olivia Turner;emma26@bdd.com;+M7QCd+br!;(668)872-5153x4800
9041;Aaron Henry;jillian13@bdd.com;7bH4NRcO$^;9156243574
7259;Laura Mccarthy;randy46@bdd.com;C^7MiGUKdo;602-285-1453x571
5649;Jeremy White;fwilson@bdd.net;S1S5NKGa#!;(217)981-4921x608
9742;Brandon Long;julieblack@bdd.net;)kJl43Vs%k;8172078230
594;Jacqueline Marshall;bairdvictoria@bdd.com;E&I5WO2h$%;530.372.8614x47210
5302;Sandra Brown;bob81@bdd.com;x%7%UrBsB3;607.557.0037x3825
8938;Rebecca Williams;leesamantha@bdd.org;^0PSWyfkds;001-668-739-1955x1550
8744;Stacy Mitchell;richard54@bdd.net;yt1U0QMoj(;001-792-280-9086
7658;Thomas Sosa;hawkinskaren@bdd.org;Y@5YZzbsu+;(981)502-1789x393
1739;Kirk Carter;pereznicholas@bdd.org;_7%&7+Drc3;+1-635-247-2626x63501
7356;John Berry;brownthomas@bdd.org;2uPK4F)8&j;775.712.3386
4127;Timothy Green;ymckinney@bdd.org;B(@3Z2guFP;001-988-731-0886
8043;Holly Peters;pali@bdd.net;e!1pRcO!Gu;831-513-9477x054
4125;Deanna Reynolds;jason80@bdd.com;$Y1IgG4wt+;420-398-9890
9557;Steven Nash;michael30@bdd.org;_H5B21DayF;965.815.8765
3981;David Vargas;mary84@bdd.net;Pc8mY3zlE*;+1-540-503-1780x40620
1738;Melanie Jones;estradaashley@bdd.com;1^7pEwzkV!;001-946-612-4314x71622
5734;Michael Fleming;steven30@bdd.com;oqUCpPzm^3;419-473-3005
8604;Mrs. Anna Jones;mgonzalez@bdd.net;#9NjN6aV^K;5214395973
5475;Christopher Brown;gabrielleward@bdd.net;&*87w&Pb)H;+1-534-376-8348
317;David Johnson;sean82@bdd.org;0^U5Xn&**1;9244278400
5062;Melanie Cochran;yvonnelandry@bdd.com;)2LKScxqaU;(914)324-5593x2667
648;Peter Garner;taylormorgan@bdd.com;^&sALelm$5;(532)488-4478x6250
6232;John Hayes;rachaelwilliams@bdd.org;%Uik6PZny2;+1-674-655-4494
7307;Brian Young;barramanda@bdd.com;t6oA9Qr))+;001-506-908-3217x786
3835;Douglas Crawford;frederickannette@bdd.net;3nU0uDlKv#;384.363.9021
1790;Joshua Lyons;dylanross@bdd.org;zr1UXWtr(1;+1-446-334-1549
1995;Scott Reese;kenneth76@bdd.org;Ro(Wr5PkwP;(706)515-0084x2399
9079;Alex Schneider;markgraham@bdd.net;T%4mUn1F&u;(953)511-3702
5703;Andrew Calderon;sheilawelch@bdd.com;l0iKXUuZ$4;+1-985-924-3558x883
8936;Alexander Spencer;nsantos@bdd.com;BK01XGkBS^;260-585-6065
4457;James Herrera;troyfriedman@bdd.com;ps1ChsTl+5;001-552-671-3614x2131
1506;Ralph Edwards;ashleymadden@bdd.org;9%N5Gb3Jw1;001-371-463-4315
3412;Sarah Woods;brianwhite@bdd.com;%0BjgC!nvK;514-932-4446
4713;Maria Humphrey;joanne82@bdd.com;wrA4vOo3%5;837-797-2094
3591;Jessica Allen;amybuckley@bdd.org;88FNoL!F&p;340.347.6293
5085;Dominique Pratt;theresaweber@bdd.net;7%0IkULhWa;283.336.8630x804
8545;Kyle Mcguire;maryphillips@bdd.org;3C3OKV@u#6;001-688-973-5580
4372;Martin Young;mikayla44@bdd.com;5F30!Q)cq%;+1-953-323-8622x0161
2421;Rachel Nolan;andersonjoanna@bdd.net;*Z1vNJamC9;692.950.3810x7632
2122;Gabriela Case;kmata@bdd.net;%6U%arX3tQ;591-786-7782x627
831;Kevin Rice;fwilson@bdd.org;pkPA+9Uc_h;601.646.0949
4659;Joshua Roberts;marshallsean@bdd.net;Q8%1GaLPzH;(205)559-6624
5652;Erik Farley;donald94@bdd.org;Et1bLG+e8_;001-823-927-1967x5300
8005;Jeremy Hampton;michaelsolis@bdd.com;*z3ZGS@b0%;5036562806
2553;Jacqueline Cruz;lanekurt@bdd.org;Mu5Y$Flz%R;644-865-9778
1813;Adam Mcdonald;zgray@bdd.com;n(5jPmyOaA;(351)546-7167
8039;Miguel Romero;kburton@bdd.org;&07@VnNvfM;612.980.0276x216
8017;Mary Orozco;josephwilliams@bdd.org;+h030WbmIv;+1-969-785-8092
9480;Travis Hall;kevin34@bdd.com;O$7^RerbkP;423-959-9548x91387
4750;Garrett Rogers;landerson@bdd.com;$fPV5Kduw3;8769384946
8963;Alicia Woods;gbarajas@bdd.org;O9C+YYu@*0;001-484-929-4261x188
5127;Robin Diaz;larry14@bdd.com;!18QNHfM!S;(597)290-0362x9621
6346;Amanda Bradford;portega@bdd.com;r2IQ8EaD)i;738-927-6346x4528
4494;Jared Maynard;eschwartz@bdd.net;m02EcNiO%K;789.495.0313x5685
8821;Thomas Hill;christinadaniels@bdd.org;*1BGgf6hcK;206.367.3934
2106;Christina Hill;atkinspaul@bdd.com;ZfP+4yS_^*;824-564-3297x7755
6568;Brent Jones;ischneider@bdd.org;_50B%xOp^F;359.342.2764x98936
6478;Claudia Howe;elizabeth82@bdd.com;m^YLug!_(1;+1-979-341-5859x50890
297;Juan Green;amanda29@bdd.com;^(8EqlLvhS;(322)706-8058x960
8081;Danielle Mcclain;michele46@bdd.net;q_28Uf_kd*;924.203.3081x0299
1487;Heather Decker;aross@bdd.net;b)9x)VSh18;775-453-5641x57187
3190;Michael Bell;wagnerjoseph@bdd.org;552VetUO(%;722.390.4098x222
5815;Vanessa Torres;williamgomez@bdd.net;*iPlyypJf1;001-852-911-3214x57249
6276;Janet Gonzalez;theresa04@bdd.net;+fEQ4Dl2h3;625.592.7712x98323
5722;Richard Coleman;eddieolson@bdd.com;P!8UPzr4)7;3085890257
6964;Dana Watson;wwalters@bdd.net;Z@!0%9CfB%;218.695.9677x97857
4867;Jennifer Smith;gwilliams@bdd.net;Dm9YpNZ3R_;001-425-656-6059x963
8177;Tracy Lawson;catherine61@bdd.org;Wld3QJxk^R;(930)326-8787
8873;Julia Lewis;forbesgary@bdd.org;u%#$m0RaRk;+1-235-277-4467
3694;Elizabeth Gutierrez;bheath@bdd.net;@9KRMsqCS+;001-247-767-2269
2800;Ashley Figueroa;matthewgarcia@bdd.net;h8*WEmS!@f;365.595.9080x3492
7670;Bruce Russell;thompsonjohn@bdd.org;(GW7nJy(v7;8655176323
5948;Jillian Vazquez;coxjacob@bdd.org;)0C8vFeaO7;760-530-1680x77205
7585;Ryan Johnson;brookschristopher@bdd.org;m_!0TDeDAM;946.304.6204
2424;David Mata;bbrewer@bdd.com;$^8VWu4oir;237-405-7337x2678
956;Justin Guerrero;jeffrey50@bdd.com;t)T8Em(c(7;+1-699-332-3260x9186
7398;Kerry Owens;tonyadavis@bdd.org;EL0qZ7Vy%6;(481)556-9697x1150
2438;Nicole Abbott;iweiss@bdd.org;R$565fXfFq;+1-486-659-4984x983
6076;Danielle Manning;amandareed@bdd.net;*2MyNOzH)C;(727)584-6803x12392
2669;Christopher Nelson;vwarner@bdd.org;n@C1M)OxX1;(575)522-0253x34703
7245;Jeff Knapp;derrickaguilar@bdd.com;)U76DGm8S@;(975)504-9993x46763
649;Nathan Strickland;johnsonmitchell@bdd.org;Y8WyF5OD#n;319-250-1921x33039
2910;Jesse Estes;brianreeves@bdd.org;067yEs4F%u;2932678706
5557;Alexander Blanchard;acombs@bdd.net;7p09JqwWp^;537-660-9612x223
8830;Linda Harris;tuckerjodi@bdd.com;KL5ooAsf&@;384-732-2837x401
6177;Amber Gilmore;samuelmyers@bdd.org;v(Exbecq)4;845-981-3309x210
1526;Chad Clayton;kwerner@bdd.com;S1+uYs&v^9;711-353-5730x51741
3475;Jacob Porter;myerspamela@bdd.net;!6T!Zp35a9;+1-843-638-5621
5332;Kenneth Davis;hillnicholas@bdd.com;0(uQO4ua_A;+1-858-361-5716x780
5632;Kathryn Hall;kanejessica@bdd.com;F&2fWmM2Yb;001-697-886-3694x15468
678;Brian Walker;josepena@bdd.org;^X0D99Hl3v;001-951-441-4985
4306;Jacob Ross MD;raymond96@bdd.com;g3Ju8ADO@y;790.415.1144
5438;Luis Campos;jasonmorse@bdd.com;zK6eKHxq%!;682-749-3672
6413;Joel Moore;franklindustin@bdd.net;e(8hSLz+zu;001-249-237-0843x841
9727;Joshua Hill;jose12@bdd.org;_s$AjcZj7%;+1-785-247-4089x27636
2658;Jacqueline Rowland;barbarabailey@bdd.net;ljJiHe6f)0;449.752.0215
4755;Jeffrey Kramer;bryan45@bdd.com;&OBOZwxT#6;298-489-4256
9522;Jonathan Crosby;cantubarbara@bdd.org;^T&R@Ma_P7;001-771-654-7589x69726
7965;Richard Howard;thompsonann@bdd.org;pnjlHdT6*8;001-775-641-2976x60231
3082;Nathan Gonzales;gonzalezmichelle@bdd.net;ST+tTYce!7;2349726290
1908;Keith Huang;brian48@bdd.net;+1JhO^eOag;7365914657
4649;Matthew Craig;garcianina@bdd.com;K1A!q0xo&^;+1-788-588-5027x757
4769;Destiny Rodriguez;craig74@bdd.net;5B3#RSLjP);8014966981
3272;Robert Mendez;kaitlyngomez@bdd.com;E^&u@9Tz&^;727.836.1414
6738;Roy Little;kevin71@bdd.org;8tB8Ju@hj^;+1-268-436-8470
6706;Andrea Daniels;amybrowning@bdd.org;88L##Cxe)g;(709)981-7817
8653;James Sanford;dsmith@bdd.net;o^U+sJLxX7;001-450-646-3056x586
5019;Perry Peterson;rodriguezkristin@bdd.net;02k8HWXu#r;443-365-3694x2878
7820;Laura Bernard;greendonald@bdd.com;7jVzgBVM#8;+1-268-661-9995x2263
3072;Amber Kelly;amywilliams@bdd.org;hH7lZ3Bus&;5869688590
1674;Alexis Oneill;corygarcia@bdd.org;*PCCpgpO)6;456.974.4083x563
4513;Dr. Steven Patton;hunterjames@bdd.org;Ow6D(v%#@p;454-216-3456x66586
3570;Douglas Lawrence;stephenroman@bdd.com;0K$7VXsSVx;(937)724-4536x8630
7353;Jessica Anderson;amanda97@bdd.org;@V7Rbs!P_4;5459259984
525;Robert Medina;amykent@bdd.net;_TAO&mYo_0;001-326-301-3868x8348
306;Joshua Boone;jacobchavez@bdd.org;1CC1Y0xy@_;327-617-4402
1888;Michael Kennedy;devin77@bdd.org;+u1joBwL!&;(839)869-4270x009
142;Melissa Garrett;gregory80@bdd.com;Nf$ARZ5I%1;585-434-0581x595
276;Michael Cruz;kjoseph@bdd.org;wocvLCqg+5;266-690-0959
9180;Justin Williams;darrell32@bdd.net;@T^8EE!rDb;(361)250-1261x535
7744;Devin Gonzalez;zrodgers@bdd.net;1c0&EhuGb$;277-212-0778
1176;Raymond Yates;edwardsjoseph@bdd.net;g%5pkPxotB;238.664.6957x9436
7265;Cindy Perry;jose82@bdd.org;IDUH8FwN!C;280.599.8893x96172
6309;Jeremy Jordan;cuevasjesus@bdd.org;jj3bKtID+q;(625)206-7120
7255;Anthony Kelley;fjackson@bdd.com;7j4@7Poc^p;741.951.9755x29989
2183;Tyler Hart;julian45@bdd.org;_m+sn1Jfe_;+1-784-814-8338x409
1730;Katherine Simpson;thompsonjennifer@bdd.org;+(4tpX&x4W;+1-451-213-6338
6697;Tiffany Kerr;jacob27@bdd.net;m&$ud0Hzr$;831.942.9316x6833
8058;Jacob Hughes;amandawaters@bdd.net;^*L)8zZu@T;+1-205-852-4725x66123
5029;Sandra Orr;michael67@bdd.org;#o3HRoJm+T;3265919065
39;Juan Garner;wgarrett@bdd.com;it*Nekza^5;+1-753-555-7036
9062;Mary Walker;robertsteele@bdd.org;x2@EBas1#^;(213)620-8463
6962;Eric Mcneil;kimberly54@bdd.org;S2AIxtNl%^;7373655233
821;Katherine Graham;rachelnelson@bdd.net;$Ch(fIPyf0;001-483-860-7830x255
5997;Deborah George;larsenlori@bdd.com;T)29TY3zaI;(767)883-2011
4543;Rebecca Fields;ambersmith@bdd.com;A*M1NTuz_x;001-541-840-0244x074
5751;Matthew Watkins MD;julia49@bdd.org;M&@8XZwLMv;8368861339
2744;Matthew Jones;singletontiffany@bdd.com;(xWXXTAm*9;+1-454-864-3753
6252;Samantha Khan;veronica38@bdd.org;(m4$CUOh$8;001-968-619-3948x908
6223;Kathryn Rogers;yford@bdd.net;jQ(kGFAr*2;884.739.3178
7239;Gary Cole;valerieyoung@bdd.net;4VE81Ne6@(;001-558-252-1756
3133;Mario Holden;christopherarmstrong@bdd.net;3!q%5*WbM9;500.686.2826
2;Mathew Hall;patricia35@bdd.org;!7ZIG9px%K;001-355-650-4916x8880
577;Kathryn Morales;jasonjames@bdd.com;4YqXTiV)!n;001-451-898-7632x61592
8215;Cameron Werner;staceyfisher@bdd.com;h!9hyLk1&4;7176688113
4251;Brittany Miller;bryanmelinda@bdd.org;%GOThSuXe9;5015700016
856;Sydney Brooks;philipbarrett@bdd.net;uN%Pf*LU&4;001-267-479-0610x392
6903;Peter Benson;jamiearellano@bdd.com;Km4WL$r1+n;(636)868-9763x00377
957;Martha Morales;urodriguez@bdd.net;9_5QT1CJ)d;892-991-7885
4824;Joel Merritt;epatrick@bdd.com;(95Phfd@yt;(777)857-5014
